-- MySQL dump 10.13  Distrib 5.7.28, for Win64 (x86_64)
--
-- Host: localhost    Database: iecs_sesr
-- ------------------------------------------------------
-- Server version	5.7.28-log

/*!40101 SET @OLD_CHARACTER_SET_CLIENT=@@CHARACTER_SET_CLIENT */;
/*!40101 SET @OLD_CHARACTER_SET_RESULTS=@@CHARACTER_SET_RESULTS */;
/*!40101 SET @OLD_COLLATION_CONNECTION=@@COLLATION_CONNECTION */;
/*!40101 SET NAMES utf8 */;
/*!40103 SET @OLD_TIME_ZONE=@@TIME_ZONE */;
/*!40103 SET TIME_ZONE='+00:00' */;
/*!40014 SET @OLD_UNIQUE_CHECKS=@@UNIQUE_CHECKS, UNIQUE_CHECKS=0 */;
/*!40014 SET @OLD_FOREIGN_KEY_CHECKS=@@FOREIGN_KEY_CHECKS, FOREIGN_KEY_CHECKS=0 */;
/*!40101 SET @OLD_SQL_MODE=@@SQL_MODE, SQL_MODE='NO_AUTO_VALUE_ON_ZERO' */;
/*!40111 SET @OLD_SQL_NOTES=@@SQL_NOTES, SQL_NOTES=0 */;

--
-- Table structure for table `auth_group`
--

DROP TABLE IF EXISTS `auth_group`;
/*!40101 SET @saved_cs_client     = @@character_set_client */;
/*!40101 SET character_set_client = utf8 */;
CREATE TABLE `auth_group` (
  `id` int(11) NOT NULL AUTO_INCREMENT,
  `name` varchar(150) NOT NULL,
  PRIMARY KEY (`id`),
  UNIQUE KEY `name` (`name`)
) ENGINE=InnoDB AUTO_INCREMENT=69 DEFAULT CHARSET=utf8;
/*!40101 SET character_set_client = @saved_cs_client */;

--
-- Dumping data for table `auth_group`
--

LOCK TABLES `auth_group` WRITE;
/*!40000 ALTER TABLE `auth_group` DISABLE KEYS */;
INSERT INTO `auth_group` VALUES (1,'AAA'),(57,'IECS22001'),(59,'IECS22001_std'),(63,'IECS2201'),(65,'IECS2201_std'),(66,'IECS2202'),(68,'IECS2202_std'),(64,'密碼學(李榮三老師)_執行人'),(67,'密碼學(魏國瑞老師)_執行人'),(58,'密碼學_執行人'),(5,'專案經理'),(2,'系統管理員');
/*!40000 ALTER TABLE `auth_group` ENABLE KEYS */;
UNLOCK TABLES;

--
-- Table structure for table `auth_group_permissions`
--

DROP TABLE IF EXISTS `auth_group_permissions`;
/*!40101 SET @saved_cs_client     = @@character_set_client */;
/*!40101 SET character_set_client = utf8 */;
CREATE TABLE `auth_group_permissions` (
  `id` bigint(20) NOT NULL AUTO_INCREMENT,
  `group_id` int(11) NOT NULL,
  `permission_id` int(11) NOT NULL,
  PRIMARY KEY (`id`),
  UNIQUE KEY `auth_group_permissions_group_id_permission_id_0cd325b0_uniq` (`group_id`,`permission_id`),
  KEY `auth_group_permissio_permission_id_84c5c92e_fk_auth_perm` (`permission_id`),
  CONSTRAINT `auth_group_permissio_permission_id_84c5c92e_fk_auth_perm` FOREIGN KEY (`permission_id`) REFERENCES `auth_permission` (`id`),
  CONSTRAINT `auth_group_permissions_group_id_b120cbf9_fk_auth_group_id` FOREIGN KEY (`group_id`) REFERENCES `auth_group` (`id`)
) ENGINE=InnoDB AUTO_INCREMENT=152 DEFAULT CHARSET=utf8;
/*!40101 SET character_set_client = @saved_cs_client */;

--
-- Dumping data for table `auth_group_permissions`
--

LOCK TABLES `auth_group_permissions` WRITE;
/*!40000 ALTER TABLE `auth_group_permissions` DISABLE KEYS */;
INSERT INTO `auth_group_permissions` VALUES (63,2,4),(62,5,4),(140,57,4),(141,58,4),(146,63,4),(147,64,4),(150,66,4),(151,67,4);
/*!40000 ALTER TABLE `auth_group_permissions` ENABLE KEYS */;
UNLOCK TABLES;

--
-- Table structure for table `auth_permission`
--

DROP TABLE IF EXISTS `auth_permission`;
/*!40101 SET @saved_cs_client     = @@character_set_client */;
/*!40101 SET character_set_client = utf8 */;
CREATE TABLE `auth_permission` (
  `id` int(11) NOT NULL AUTO_INCREMENT,
  `name` varchar(255) NOT NULL,
  `content_type_id` int(11) NOT NULL,
  `codename` varchar(100) NOT NULL,
  PRIMARY KEY (`id`),
  UNIQUE KEY `auth_permission_content_type_id_codename_01ab375a_uniq` (`content_type_id`,`codename`),
  CONSTRAINT `auth_permission_content_type_id_2f476e4b_fk_django_co` FOREIGN KEY (`content_type_id`) REFERENCES `django_content_type` (`id`)
) ENGINE=InnoDB AUTO_INCREMENT=91 DEFAULT CHARSET=utf8;
/*!40101 SET character_set_client = @saved_cs_client */;

--
-- Dumping data for table `auth_permission`
--

LOCK TABLES `auth_permission` WRITE;
/*!40000 ALTER TABLE `auth_permission` DISABLE KEYS */;
INSERT INTO `auth_permission` VALUES (1,'Can add company',1,'add_company'),(2,'Can change company',1,'change_company'),(3,'Can delete company',1,'delete_company'),(4,'Can view company',1,'view_company'),(5,'Execute Company',1,'exe_company'),(6,'Can add mail list',2,'add_maillist'),(7,'Can change mail list',2,'change_maillist'),(8,'Can delete mail list',2,'delete_maillist'),(9,'Can view mail list',2,'view_maillist'),(10,'Can add project',3,'add_project'),(11,'Can change project',3,'change_project'),(12,'Can delete project',3,'delete_project'),(13,'Can view project',3,'view_project'),(14,'Execute Project',3,'exe_project'),(15,'Can add test member list',4,'add_testmemberlist'),(16,'Can change test member list',4,'change_testmemberlist'),(17,'Can delete test member list',4,'delete_testmemberlist'),(18,'Can view test member list',4,'view_testmemberlist'),(19,'Can add test member list temp',5,'add_testmemberlisttemp'),(20,'Can change test member list temp',5,'change_testmemberlisttemp'),(21,'Can delete test member list temp',5,'delete_testmemberlisttemp'),(22,'Can view test member list temp',5,'view_testmemberlisttemp'),(23,'Can add log',6,'add_log'),(24,'Can change log',6,'change_log'),(25,'Can delete log',6,'delete_log'),(26,'Can view log',6,'view_log'),(27,'Can add file',7,'add_file'),(28,'Can change file',7,'change_file'),(29,'Can delete file',7,'delete_file'),(30,'Can view file',7,'view_file'),(31,'Can add log entry',8,'add_logentry'),(32,'Can change log entry',8,'change_logentry'),(33,'Can delete log entry',8,'delete_logentry'),(34,'Can view log entry',8,'view_logentry'),(35,'Can add permission',9,'add_permission'),(36,'Can change permission',9,'change_permission'),(37,'Can delete permission',9,'delete_permission'),(38,'Can view permission',9,'view_permission'),(39,'Can add group',10,'add_group'),(40,'Can change group',10,'change_group'),(41,'Can delete group',10,'delete_group'),(42,'Can view group',10,'view_group'),(43,'Can add user',11,'add_user'),(44,'Can change user',11,'change_user'),(45,'Can delete user',11,'delete_user'),(46,'Can view user',11,'view_user'),(47,'Can add content type',12,'add_contenttype'),(48,'Can change content type',12,'change_contenttype'),(49,'Can delete content type',12,'delete_contenttype'),(50,'Can view content type',12,'view_contenttype'),(51,'Can add session',13,'add_session'),(52,'Can change session',13,'change_session'),(53,'Can delete session',13,'delete_session'),(54,'Can view session',13,'view_session'),(55,'Can add group object permission',14,'add_groupobjectpermission'),(56,'Can change group object permission',14,'change_groupobjectpermission'),(57,'Can delete group object permission',14,'delete_groupobjectpermission'),(58,'Can view group object permission',14,'view_groupobjectpermission'),(59,'Can add user object permission',15,'add_userobjectpermission'),(60,'Can change user object permission',15,'change_userobjectpermission'),(61,'Can delete user object permission',15,'delete_userobjectpermission'),(62,'Can view user object permission',15,'view_userobjectpermission'),(63,'Can add Scheduled task',16,'add_schedule'),(64,'Can change Scheduled task',16,'change_schedule'),(65,'Can delete Scheduled task',16,'delete_schedule'),(66,'Can view Scheduled task',16,'view_schedule'),(67,'Can add task',17,'add_task'),(68,'Can change task',17,'change_task'),(69,'Can delete task',17,'delete_task'),(70,'Can view task',17,'view_task'),(71,'Can add Failed task',18,'add_failure'),(72,'Can change Failed task',18,'change_failure'),(73,'Can delete Failed task',18,'delete_failure'),(74,'Can view Failed task',18,'view_failure'),(75,'Can add Successful task',19,'add_success'),(76,'Can change Successful task',19,'change_success'),(77,'Can delete Successful task',19,'delete_success'),(78,'Can view Successful task',19,'view_success'),(79,'Can add Queued task',20,'add_ormq'),(80,'Can change Queued task',20,'change_ormq'),(81,'Can delete Queued task',20,'delete_ormq'),(82,'Can view Queued task',20,'view_ormq'),(83,'Can add score',21,'add_score'),(84,'Can change score',21,'change_score'),(85,'Can delete score',21,'delete_score'),(86,'Can view score',21,'view_score'),(87,'Can add report back record',22,'add_reportbackrecord'),(88,'Can change report back record',22,'change_reportbackrecord'),(89,'Can delete report back record',22,'delete_reportbackrecord'),(90,'Can view report back record',22,'view_reportbackrecord');
/*!40000 ALTER TABLE `auth_permission` ENABLE KEYS */;
UNLOCK TABLES;

--
-- Table structure for table `auth_user`
--

DROP TABLE IF EXISTS `auth_user`;
/*!40101 SET @saved_cs_client     = @@character_set_client */;
/*!40101 SET character_set_client = utf8 */;
CREATE TABLE `auth_user` (
  `id` int(11) NOT NULL AUTO_INCREMENT,
  `password` varchar(128) NOT NULL,
  `last_login` datetime(6) DEFAULT NULL,
  `is_superuser` tinyint(1) NOT NULL,
  `username` varchar(150) NOT NULL,
  `first_name` varchar(150) NOT NULL,
  `last_name` varchar(150) NOT NULL,
  `email` varchar(254) NOT NULL,
  `is_staff` tinyint(1) NOT NULL,
  `is_active` tinyint(1) NOT NULL,
  `date_joined` datetime(6) NOT NULL,
  PRIMARY KEY (`id`),
  UNIQUE KEY `username` (`username`)
) ENGINE=InnoDB AUTO_INCREMENT=237 DEFAULT CHARSET=utf8;
/*!40101 SET character_set_client = @saved_cs_client */;

--
-- Dumping data for table `auth_user`
--

LOCK TABLES `auth_user` WRITE;
/*!40000 ALTER TABLE `auth_user` DISABLE KEYS */;
INSERT INTO `auth_user` VALUES (1,'!PysioGKCMWRKhNj4tJREpyp0tFPrLkAL3rkugCVg',NULL,0,'AnonymousUser','','','',0,1,'2022-06-02 06:26:41.356522'),(2,'pbkdf2_sha256$260000$Nkdmnz8cXfhevEf36s0P5v$htaH4gWC9jAHEsUen5G2tKVU/ycV4wXRUPndkzpuNCw=','2022-12-25 13:50:39.066730',1,'admin@iecslab.fcu','','','admin@iecslab.fcu',1,1,'2022-06-02 06:29:11.000000'),(3,'pbkdf2_sha256$260000$tYQC972cYu0LW0AwZ4cTI4$kNF4hNXfq8ZZfGdT0s3HGXG2O6Z48wFPhwADP1rEabg=','2022-07-27 03:25:37.598373',1,'system@iecslab.fcu','','','system@iecslab.fcu',0,1,'2022-06-02 06:57:52.000000'),(152,'pbkdf2_sha256$260000$oDv8VpTjjhYPqGgaCQzyoa$GiQAMSZhlqUCHr9pHhpDsjH67wOTpnx72IZT25cvUEc=','2022-12-23 04:48:07.411196',0,'IECS22001std01@iecslab.com.tw','','','IECS22001std01@iecslab.com.tw',0,1,'2022-07-20 22:57:43.778322'),(153,'pbkdf2_sha256$260000$23LiRY754M36xNswx2tH5N$aZDx/wbwqkJez4D9caTXZNhXdo8ITz5OqvoA9xW2YKg=',NULL,0,'IECS22001std02@iecslab.com.tw','','','IECS22001std02@iecslab.com.tw',0,1,'2022-07-20 22:57:44.102479'),(154,'pbkdf2_sha256$260000$Wn6E8M9RdAOnYOyWA5YKxs$3UGD5WCL8nGE73cGtvmWMlXExzj2/K+dM9KEy8VUP/w=','2022-07-26 10:55:41.496063',0,'IECS22001std03@iecslab.com.tw','','','IECS22001std03@iecslab.com.tw',0,1,'2022-07-20 22:57:44.424620'),(155,'pbkdf2_sha256$260000$dqGqNCKrlNhDrwVdxe0ymd$Yz33gu+J8DhRk+agO8zVfREnUCjaHMUJVNyqSY3kI9Q=','2022-07-26 10:47:43.955868',0,'IECS22001std04@iecslab.com.tw','','','IECS22001std04@iecslab.com.tw',0,1,'2022-07-20 22:57:44.750229'),(156,'pbkdf2_sha256$260000$kWOpX1T9lWNVQcIt2w91NN$YJ9ZvIyJ8bjquTnY5i6QPTwHnYep3d4uBEFHt8nQhAk=',NULL,0,'IECS22001std05@iecslab.com.tw','','','IECS22001std05@iecslab.com.tw',0,1,'2022-07-20 22:57:45.074320'),(157,'pbkdf2_sha256$260000$5mUV4MSSzqNmI4ibIlzAHD$UFOwFp+1vtHZiLPowSAFTjcOdgr2MX8SRiFvQQJPrqM=',NULL,0,'IECS22001std06@iecslab.com.tw','','','IECS22001std06@iecslab.com.tw',0,1,'2022-07-20 22:57:45.396657'),(158,'pbkdf2_sha256$260000$1CKb0KwsynFR7LiwzHbFN9$g3cRMOYPyQN/1B1Pjq1fnlgRLU4ctP2NxVYp11kNc8Y=',NULL,0,'IECS22001std07@iecslab.com.tw','','','IECS22001std07@iecslab.com.tw',0,1,'2022-07-20 22:57:45.717832'),(159,'pbkdf2_sha256$260000$xtbrRNh8VDyzQUQn5FAiXw$7uoesMErYA1psnYOOTjrPtx4+iGJKdjEJ8JqEl7TXAQ=',NULL,0,'IECS22001std08@iecslab.com.tw','','','IECS22001std08@iecslab.com.tw',0,1,'2022-07-20 22:57:46.041966'),(160,'pbkdf2_sha256$260000$bL3cRrgswnCV47s6on6hKc$KC4k48oVCtJfbz3tRg7RhDs34R1PUwQpW1jhGpGCDDk=',NULL,0,'IECS22001std09@iecslab.com.tw','','','IECS22001std09@iecslab.com.tw',0,1,'2022-07-20 22:57:46.364803'),(161,'pbkdf2_sha256$260000$8n4DJe1vLbNuNr0ETgQ4rK$MrCXPLmqT6Dm1HQmffV02MVxgAug6qG4u8esmEycQFo=',NULL,0,'IECS22001std10@iecslab.com.tw','','','IECS22001std10@iecslab.com.tw',0,1,'2022-07-20 22:57:46.688327'),(162,'pbkdf2_sha256$260000$WPAcgz5AqT1sAujhnoYcQA$//09BdYzG9h5m3r4xwaGM4OPX/on+ASF75teObr/+CM=',NULL,0,'IECS22001std11@iecslab.com.tw','','','IECS22001std11@iecslab.com.tw',0,1,'2022-07-20 22:57:47.010512'),(163,'pbkdf2_sha256$260000$FlvKDGxuchz3QbVw1a9au1$NlSrenzydxQ86jEuSyU9nTqE+B49eFuikvJVMrZAP9o=',NULL,0,'IECS22001std12@iecslab.com.tw','','','IECS22001std12@iecslab.com.tw',0,1,'2022-07-20 22:57:47.330965'),(164,'pbkdf2_sha256$260000$C2BZ1C6Cju6Az8Zy2ehE9I$FxEFozqspyiQNVQrrG5xC8zekvJaSzh1Eqn/Ya6iUws=',NULL,0,'IECS22001std13@iecslab.com.tw','','','IECS22001std13@iecslab.com.tw',0,1,'2022-07-20 22:57:47.652755'),(165,'pbkdf2_sha256$260000$brjfvHjIodPxWtdV3Yqxrx$PsEPOXSr3YApCTVgHPhJulLOYnRN/l1og3n9hWPM0kc=',NULL,0,'IECS22001std14@iecslab.com.tw','','','IECS22001std14@iecslab.com.tw',0,1,'2022-07-20 22:57:47.974928'),(166,'pbkdf2_sha256$260000$FSSDeIP7J07Co4wkjbsLyH$R9rme/7G8e+ChEUuNMM+1pvvUGNa/z81ropEjdlrsfk=',NULL,0,'IECS22001std15@iecslab.com.tw','','','IECS22001std15@iecslab.com.tw',0,1,'2022-07-20 22:57:48.296659'),(167,'pbkdf2_sha256$260000$semgYM2xkAWGbkLPYgo1mn$2nJ2jOmbX+QVjOyzYpsQfVAC5i0s2DhdglfvuIZ0FJw=',NULL,0,'IECS22001std16@iecslab.com.tw','','','IECS22001std16@iecslab.com.tw',0,1,'2022-07-20 22:57:48.618807'),(168,'pbkdf2_sha256$260000$0rWZYp6qaa85TyFnsJNAE4$CVkcn1Wnf6T1phEacr2n8CPCedrvQ9DuNZ9JtTTm8Kk=',NULL,0,'IECS22001std17@iecslab.com.tw','','','IECS22001std17@iecslab.com.tw',0,1,'2022-07-20 22:57:48.941633'),(169,'pbkdf2_sha256$260000$nwTFIT4PXjANTm4ufVwPzO$xrVrciTnPCehE+iRa60aZ+F7yyZmfIE0yVfdqf27Bm4=',NULL,0,'IECS22001std18@iecslab.com.tw','','','IECS22001std18@iecslab.com.tw',0,1,'2022-07-20 22:57:49.263231'),(170,'pbkdf2_sha256$260000$Oe9mc1OJUdP8xWknBljylb$lAwkTimEQ3dPg3nKTfDQZ7zIf4ejPU7K6iUbbB5Nfpc=',NULL,0,'IECS22001std19@iecslab.com.tw','','','IECS22001std19@iecslab.com.tw',0,1,'2022-07-20 22:57:49.584486'),(171,'pbkdf2_sha256$260000$KLifzxlCP06DuUGrPfI1jo$hkyQnYZEjtFZI2zwdrda11crClS2MgDPkF6yYT7VSf4=',NULL,0,'IECS22001std20@iecslab.com.tw','','','IECS22001std20@iecslab.com.tw',0,1,'2022-07-20 22:57:49.906788'),(172,'pbkdf2_sha256$260000$Rzan2X4tQo8bTmOf0IsiUX$F5hsgt6nYhdqZEk0t/nNDeji51ZTyvdAV7pcvHtKOAc=','2022-12-23 04:44:10.058870',0,'iecs_teacher@iecslab.fcu','','','iecs_teacher@iecslab.fcu',0,1,'2022-07-20 22:58:09.487630'),(173,'pbkdf2_sha256$260000$mFMM0tLsrEs2snz9lffm6C$yKB3PCeru82P+ehbAOApu+NZOyjsP33aBprwCBInuOk=','2022-12-23 04:36:05.831747',1,'aaa20221223','','','aaa20221223@aaasec.com.tw',1,1,'2022-12-23 04:35:50.487302'),(195,'pbkdf2_sha256$260000$TdaPuWN7R5iZZlCGbP2O2h$AbB4hbiPtYLNnlCj9G5x/lZvLw9vW9Ja3zzsXgjwPR4=','2022-12-23 07:34:23.625423',0,'IECS2201std01@iecslab.com.tw','','','IECS2201std01@iecslab.com.tw',0,1,'2022-12-23 06:37:38.432216'),(196,'pbkdf2_sha256$260000$FWc9VHBOtsSRMbHkOAwMJZ$R2N2mLhhMJ/otl3i2SGv/4FP7/d2D1p45G/yhKzAnSw=',NULL,0,'IECS2201std02@iecslab.com.tw','','','IECS2201std02@iecslab.com.tw',0,1,'2022-12-23 06:37:38.764911'),(197,'pbkdf2_sha256$260000$Z58ZFspvwI8uCdAcW6JLV5$ZYGQmzUfY7QXP80XzYjQl/ynvbSexOjwO0sy4vN3bpM=',NULL,0,'IECS2201std03@iecslab.com.tw','','','IECS2201std03@iecslab.com.tw',0,1,'2022-12-23 06:37:39.087459'),(198,'pbkdf2_sha256$260000$X0w9Jc5Jwzo6tUmed7kC1J$uZwAbslR1C1JKw8qgt7VfAFSPkbsHWIKN1rtVFZg5sY=',NULL,0,'IECS2201std04@iecslab.com.tw','','','IECS2201std04@iecslab.com.tw',0,1,'2022-12-23 06:37:39.415660'),(199,'pbkdf2_sha256$260000$jnfYIQCDIIQxFmA8JLOHPv$aEOn44HEQ9JQUFsx4wMhk40FgRoN6JDztQKmFp5MG+o=',NULL,0,'IECS2201std05@iecslab.com.tw','','','IECS2201std05@iecslab.com.tw',0,1,'2022-12-23 06:37:39.747457'),(200,'pbkdf2_sha256$260000$lS202x7tydz3cQ7E1XHTiv$mjUl5AFwwiGFLT8MIfobd65Oe+b37+YciotxWiKGJoA=',NULL,0,'IECS2201std06@iecslab.com.tw','','','IECS2201std06@iecslab.com.tw',0,1,'2022-12-23 06:37:40.072173'),(201,'pbkdf2_sha256$260000$PYicybO6DxO6dlVhxjDExJ$5ianrywZ0fI14pT/q6tezr6FmuNbxi9ya6MsUqEqmlU=',NULL,0,'IECS2201std07@iecslab.com.tw','','','IECS2201std07@iecslab.com.tw',0,1,'2022-12-23 06:37:40.401513'),(202,'pbkdf2_sha256$260000$kaJttrZPS0HZJOMY2BE3AV$+JXa0Q54uFerhmbKjMhgamqBlAQHihLLK+saro86rks=',NULL,0,'IECS2201std08@iecslab.com.tw','','','IECS2201std08@iecslab.com.tw',0,1,'2022-12-23 06:37:40.733710'),(203,'pbkdf2_sha256$260000$dpIiK1O4xMS5xkqDFAnsuw$y93qJpunXI56tO7b7fWgNmFsIyJQcm0VI1tqsBsRIu4=',NULL,0,'IECS2201std09@iecslab.com.tw','','','IECS2201std09@iecslab.com.tw',0,1,'2022-12-23 06:37:41.055737'),(204,'pbkdf2_sha256$260000$LgX2blzSVuBZGKXFq9wi64$keKVlj3D+6EaEXPW7HWVrZagpIf7CcJcX3HEbAXUZEI=',NULL,0,'IECS2201std10@iecslab.com.tw','','','IECS2201std10@iecslab.com.tw',0,1,'2022-12-23 06:37:41.379909'),(205,'pbkdf2_sha256$260000$IdP0e8E9nMA0XLJTqpxHDi$UNzmwLPAMpuxVdhIVfYuxvtC1VY/yB9edGCbICGfpOA=',NULL,0,'IECS2201std11@iecslab.com.tw','','','IECS2201std11@iecslab.com.tw',0,1,'2022-12-23 06:37:41.704549'),(206,'pbkdf2_sha256$260000$BJnrPg4f6mPIik23wMUiB3$8eAPJ8Of3Ut8FMxF8DZ6Tp1BxtdDqzSzcNewCogGSCk=',NULL,0,'IECS2201std12@iecslab.com.tw','','','IECS2201std12@iecslab.com.tw',0,1,'2022-12-23 06:37:42.030912'),(207,'pbkdf2_sha256$260000$CLuMSe57ma0DiTp5W7xzjg$8y8QgD4kNe5fr6UUFUJg+SmwMkEnh5rYxZ0tJweHEpI=',NULL,0,'IECS2201std13@iecslab.com.tw','','','IECS2201std13@iecslab.com.tw',0,1,'2022-12-23 06:37:42.357930'),(208,'pbkdf2_sha256$260000$z3P7bYA8xdFs4RNpZNZk1W$AKojd+1VuZF9uJwxHiRNmuoeXe5jVrhmQvBt8yaY1yg=',NULL,0,'IECS2201std14@iecslab.com.tw','','','IECS2201std14@iecslab.com.tw',0,1,'2022-12-23 06:37:42.683395'),(209,'pbkdf2_sha256$260000$bMuJcomqh2RXRfyaVunf8l$yC8JaizOdJVJxHhRTj+V7VtO+R1PHQLURaSPYsa+qJo=',NULL,0,'IECS2201std15@iecslab.com.tw','','','IECS2201std15@iecslab.com.tw',0,1,'2022-12-23 06:37:43.009200'),(210,'pbkdf2_sha256$260000$2mPXesLYW1gHhXW7HVBzAi$/+DReZ2O334LRiPxPpeMBQyhvylOOANutCUqe02cehU=',NULL,0,'IECS2201std16@iecslab.com.tw','','','IECS2201std16@iecslab.com.tw',0,1,'2022-12-23 06:37:43.334931'),(211,'pbkdf2_sha256$260000$lJXAaZmxTeGfPRmE9H4cQF$w418CWkwDcZtbOmYwFbAUmwxSBPKjPkrGeBZOR3ZV3k=',NULL,0,'IECS2201std17@iecslab.com.tw','','','IECS2201std17@iecslab.com.tw',0,1,'2022-12-23 06:37:43.661572'),(212,'pbkdf2_sha256$260000$FiCLL8G3O3GdwThbdYa0W5$0XTWfvKxZeP5tIoq9dFa+5PWBwBkQbm/yILMCC5mPnc=',NULL,0,'IECS2201std18@iecslab.com.tw','','','IECS2201std18@iecslab.com.tw',0,1,'2022-12-23 06:37:43.987299'),(213,'pbkdf2_sha256$260000$OKBkCCO2J7OYodPNO1IUPo$YwjRHm9wXyZmmGy2OHkN6O8RCOYHEbBL5h/vFQVVmys=',NULL,0,'IECS2201std19@iecslab.com.tw','','','IECS2201std19@iecslab.com.tw',0,1,'2022-12-23 06:37:44.310469'),(214,'pbkdf2_sha256$260000$SlXSv0yNzIo50IMyI9HQBP$Dk8ht4IvMNlBTaes+N8S9V5jk/JYDHAToJda8G9Zf1Q=',NULL,0,'IECS2201std20@iecslab.com.tw','','','IECS2201std20@iecslab.com.tw',0,1,'2022-12-23 06:37:44.634600'),(215,'pbkdf2_sha256$260000$oR31UORoq9XbWXKUfwkLBm$dBCVbkXNzdneHSmVrxssj5ohog6qZIUe5ExrqVZlh18=',NULL,0,'IECS2202std01@iecslab.com.tw','','','IECS2202std01@iecslab.com.tw',0,1,'2022-12-23 06:38:04.675453'),(216,'pbkdf2_sha256$260000$96NGSLiTwUdpx4g8qrAKeo$3Why/Tgzt3vLc6VEjOIh1ptklghgHGfYuWmbZtbm+xY=',NULL,0,'IECS2202std02@iecslab.com.tw','','','IECS2202std02@iecslab.com.tw',0,1,'2022-12-23 06:38:05.000352'),(217,'pbkdf2_sha256$260000$o8i6EcG6xNoWnysrXimQJt$I/q3KIJQsiykZYh6rw7VmVDa/e3BenhcRHY3KNOFrs4=',NULL,0,'IECS2202std03@iecslab.com.tw','','','IECS2202std03@iecslab.com.tw',0,1,'2022-12-23 06:38:05.322757'),(218,'pbkdf2_sha256$260000$1HvqWCGGYilGYAamLzg5Zm$ToeADApvTvEsARCUGloax17N9Quj6EcMsEp32YACqaU=',NULL,0,'IECS2202std04@iecslab.com.tw','','','IECS2202std04@iecslab.com.tw',0,1,'2022-12-23 06:38:05.647406'),(219,'pbkdf2_sha256$260000$mzF9k1pyQmykhxPcesDH2U$zKopZK51YZBllCn0bFbM1Y3R/MrBVZI3YxY8jS3Gut0=',NULL,0,'IECS2202std05@iecslab.com.tw','','','IECS2202std05@iecslab.com.tw',0,1,'2022-12-23 06:38:05.972923'),(220,'pbkdf2_sha256$260000$QRN5y1a53GmeEBlNQF4JHn$5n0jLdzmCKnXA00lWWISbCiJod1lvHY6myayP+QRH4I=',NULL,0,'IECS2202std06@iecslab.com.tw','','','IECS2202std06@iecslab.com.tw',0,1,'2022-12-23 06:38:06.294638'),(221,'pbkdf2_sha256$260000$I7w46m3GbGHhsHOqQDWIQH$21ojN9VxpG/8cH9WbFohYcBSQCa0jl4Zf+5fXSvCYbs=',NULL,0,'IECS2202std07@iecslab.com.tw','','','IECS2202std07@iecslab.com.tw',0,1,'2022-12-23 06:38:06.621482'),(222,'pbkdf2_sha256$260000$rAmATgGtskqAEfmWlNkuWg$f3k9PBuT36OR6gyPNa/ohimLN8wpx2GxtrDMURK3K2Q=',NULL,0,'IECS2202std08@iecslab.com.tw','','','IECS2202std08@iecslab.com.tw',0,1,'2022-12-23 06:38:06.948492'),(223,'pbkdf2_sha256$260000$n2YZlutxMWGroMi2mDVsq8$taJ8zIe460N325C+t3TjP0WpwzqHwo7yJIUZ9GTBqcM=',NULL,0,'IECS2202std09@iecslab.com.tw','','','IECS2202std09@iecslab.com.tw',0,1,'2022-12-23 06:38:07.277264'),(224,'pbkdf2_sha256$260000$yEE9z0hXWs5x6eV9V5tLMd$k3RW+s+ncxoQfXT1KTsz5GlgRoN3Ehe8Efllq35tO+I=',NULL,0,'IECS2202std10@iecslab.com.tw','','','IECS2202std10@iecslab.com.tw',0,1,'2022-12-23 06:38:07.608379'),(225,'pbkdf2_sha256$260000$XHAToBUIFhHjm66i45vRcz$tXJidoTt+vvk+XjcLxx9myFbjipTu/S84aIiX8zhewA=',NULL,0,'IECS2202std11@iecslab.com.tw','','','IECS2202std11@iecslab.com.tw',0,1,'2022-12-23 06:38:07.939290'),(226,'pbkdf2_sha256$260000$WNdqzhKNqSwtiPcKc9muZm$tGJVMSgCPIqzhicNvkrsgPbdVUYzVF/Fuoi3mg+jeNs=',NULL,0,'IECS2202std12@iecslab.com.tw','','','IECS2202std12@iecslab.com.tw',0,1,'2022-12-23 06:38:08.268695'),(227,'pbkdf2_sha256$260000$FFx6f97lohQ7u8p6H9pSXk$dmzLHbBbSZpCoUWgayYf9c2GaU6YQTgXpja0iShlLec=',NULL,0,'IECS2202std13@iecslab.com.tw','','','IECS2202std13@iecslab.com.tw',0,1,'2022-12-23 06:38:08.599835'),(228,'pbkdf2_sha256$260000$sGQHL6PlS6AJlCbcWP6UJN$GSgplKT18zRU3l+9wDOED2PuLA3iCrn4V5qMydSDscQ=',NULL,0,'IECS2202std14@iecslab.com.tw','','','IECS2202std14@iecslab.com.tw',0,1,'2022-12-23 06:38:08.925577'),(229,'pbkdf2_sha256$260000$vlcENJy8U4IqSzzKsXjqZb$E/Uo5saxwRtEFvNreNlcrPauDhGQk+arBovYW+U08rU=',NULL,0,'IECS2202std15@iecslab.com.tw','','','IECS2202std15@iecslab.com.tw',0,1,'2022-12-23 06:38:09.252800'),(230,'pbkdf2_sha256$260000$nTxtg3LjuaaeMWfBtXRqNu$vkUJAkk7AfrVUU7Z3uVVOHpjNoXp64EhhkJrweUoZwE=',NULL,0,'IECS2202std16@iecslab.com.tw','','','IECS2202std16@iecslab.com.tw',0,1,'2022-12-23 06:38:09.577346'),(231,'pbkdf2_sha256$260000$u0IJGy0hBfTWih1pIORk6d$IiunH2FvyebTwRpJYpKzAT9VOskUjd1y1Gm7V5IIwvk=',NULL,0,'IECS2202std17@iecslab.com.tw','','','IECS2202std17@iecslab.com.tw',0,1,'2022-12-23 06:38:09.902520'),(232,'pbkdf2_sha256$260000$FejpKrNT6g4umTVbGqAKs1$t040p92UA/j8neuPZqjrSL8GCi8Ci9t7V1VV1+cSrcg=',NULL,0,'IECS2202std18@iecslab.com.tw','','','IECS2202std18@iecslab.com.tw',0,1,'2022-12-23 06:38:10.228178'),(233,'pbkdf2_sha256$260000$5fW7Q7HExVyX8ruUXE37AV$tGZWcFTSuD5uJDnhsCWhoUC1Pk/a2dqflCKD+ZgxOuY=',NULL,0,'IECS2202std19@iecslab.com.tw','','','IECS2202std19@iecslab.com.tw',0,1,'2022-12-23 06:38:10.552498'),(234,'pbkdf2_sha256$260000$Dn7acSVufHjLtZtmjtOiS1$PAL4UkbaQuVhJeslRXO4tGeKiH29+gmEae2t6ga0V/s=',NULL,0,'IECS2202std20@iecslab.com.tw','','','IECS2202std20@iecslab.com.tw',0,1,'2022-12-23 06:38:10.876730'),(235,'pbkdf2_sha256$260000$wTRZFaQ9vdbubpwTWDnchn$FA988tFoOKkjJ0JE/7RL2OekOIV0mb2mHXXay9Lr4eQ=','2022-12-25 13:50:15.189953',0,'iecs2201@iecslab.fcu','','','iecs2201@iecslab.fcu',0,1,'2022-12-23 06:42:37.711447'),(236,'pbkdf2_sha256$260000$MqwBi1zUxJzcDEFJg3ZHNM$lKfZ5qL3WOrZ33mP5Tqa045cQ/3zqWqyu2/XGRQZQ54=',NULL,0,'iecs2202@iecslab.fcu','','','iecs2202@iecslab.fcu',0,1,'2022-12-23 06:44:12.920856');
/*!40000 ALTER TABLE `auth_user` ENABLE KEYS */;
UNLOCK TABLES;

--
-- Table structure for table `auth_user_groups`
--

DROP TABLE IF EXISTS `auth_user_groups`;
/*!40101 SET @saved_cs_client     = @@character_set_client */;
/*!40101 SET character_set_client = utf8 */;
CREATE TABLE `auth_user_groups` (
  `id` bigint(20) NOT NULL AUTO_INCREMENT,
  `user_id` int(11) NOT NULL,
  `group_id` int(11) NOT NULL,
  PRIMARY KEY (`id`),
  UNIQUE KEY `auth_user_groups_user_id_group_id_94350c0c_uniq` (`user_id`,`group_id`),
  KEY `auth_user_groups_group_id_97559544_fk_auth_group_id` (`group_id`),
  CONSTRAINT `auth_user_groups_group_id_97559544_fk_auth_group_id` FOREIGN KEY (`group_id`) REFERENCES `auth_group` (`id`),
  CONSTRAINT `auth_user_groups_user_id_6a12ed8b_fk_auth_user_id` FOREIGN KEY (`user_id`) REFERENCES `auth_user` (`id`)
) ENGINE=InnoDB AUTO_INCREMENT=236 DEFAULT CHARSET=utf8;
/*!40101 SET character_set_client = @saved_cs_client */;

--
-- Dumping data for table `auth_user_groups`
--

LOCK TABLES `auth_user_groups` WRITE;
/*!40000 ALTER TABLE `auth_user_groups` DISABLE KEYS */;
INSERT INTO `auth_user_groups` VALUES (1,3,1),(2,3,2),(152,152,59),(153,153,59),(154,154,59),(155,155,59),(156,156,59),(157,157,59),(158,158,59),(159,159,59),(160,160,59),(161,161,59),(162,162,59),(163,163,59),(164,164,59),(165,165,59),(166,166,59),(167,167,59),(168,168,59),(169,169,59),(170,170,59),(171,171,59),(172,172,57),(194,195,65),(195,196,65),(196,197,65),(197,198,65),(198,199,65),(199,200,65),(200,201,65),(201,202,65),(202,203,65),(203,204,65),(204,205,65),(205,206,65),(206,207,65),(207,208,65),(208,209,65),(209,210,65),(210,211,65),(211,212,65),(212,213,65),(213,214,65),(214,215,68),(215,216,68),(216,217,68),(217,218,68),(218,219,68),(219,220,68),(220,221,68),(221,222,68),(222,223,68),(223,224,68),(224,225,68),(225,226,68),(226,227,68),(227,228,68),(228,229,68),(229,230,68),(230,231,68),(231,232,68),(232,233,68),(233,234,68),(234,235,63),(235,236,66);
/*!40000 ALTER TABLE `auth_user_groups` ENABLE KEYS */;
UNLOCK TABLES;

--
-- Table structure for table `auth_user_user_permissions`
--

DROP TABLE IF EXISTS `auth_user_user_permissions`;
/*!40101 SET @saved_cs_client     = @@character_set_client */;
/*!40101 SET character_set_client = utf8 */;
CREATE TABLE `auth_user_user_permissions` (
  `id` bigint(20) NOT NULL AUTO_INCREMENT,
  `user_id` int(11) NOT NULL,
  `permission_id` int(11) NOT NULL,
  PRIMARY KEY (`id`),
  UNIQUE KEY `auth_user_user_permissions_user_id_permission_id_14a6b632_uniq` (`user_id`,`permission_id`),
  KEY `auth_user_user_permi_permission_id_1fbb5f2c_fk_auth_perm` (`permission_id`),
  CONSTRAINT `auth_user_user_permi_permission_id_1fbb5f2c_fk_auth_perm` FOREIGN KEY (`permission_id`) REFERENCES `auth_permission` (`id`),
  CONSTRAINT `auth_user_user_permissions_user_id_a95ead1b_fk_auth_user_id` FOREIGN KEY (`user_id`) REFERENCES `auth_user` (`id`)
) ENGINE=InnoDB DEFAULT CHARSET=utf8;
/*!40101 SET character_set_client = @saved_cs_client */;

--
-- Dumping data for table `auth_user_user_permissions`
--

LOCK TABLES `auth_user_user_permissions` WRITE;
/*!40000 ALTER TABLE `auth_user_user_permissions` DISABLE KEYS */;
/*!40000 ALTER TABLE `auth_user_user_permissions` ENABLE KEYS */;
UNLOCK TABLES;

--
-- Table structure for table `django_admin_log`
--

DROP TABLE IF EXISTS `django_admin_log`;
/*!40101 SET @saved_cs_client     = @@character_set_client */;
/*!40101 SET character_set_client = utf8 */;
CREATE TABLE `django_admin_log` (
  `id` int(11) NOT NULL AUTO_INCREMENT,
  `action_time` datetime(6) NOT NULL,
  `object_id` longtext,
  `object_repr` varchar(200) NOT NULL,
  `action_flag` smallint(5) unsigned NOT NULL,
  `change_message` longtext NOT NULL,
  `content_type_id` int(11) DEFAULT NULL,
  `user_id` int(11) NOT NULL,
  PRIMARY KEY (`id`),
  KEY `django_admin_log_content_type_id_c4bce8eb_fk_django_co` (`content_type_id`),
  KEY `django_admin_log_user_id_c564eba6_fk_auth_user_id` (`user_id`),
  CONSTRAINT `django_admin_log_content_type_id_c4bce8eb_fk_django_co` FOREIGN KEY (`content_type_id`) REFERENCES `django_content_type` (`id`),
  CONSTRAINT `django_admin_log_user_id_c564eba6_fk_auth_user_id` FOREIGN KEY (`user_id`) REFERENCES `auth_user` (`id`)
) ENGINE=InnoDB AUTO_INCREMENT=216 DEFAULT CHARSET=utf8;
/*!40101 SET character_set_client = @saved_cs_client */;

--
-- Dumping data for table `django_admin_log`
--

LOCK TABLES `django_admin_log` WRITE;
/*!40000 ALTER TABLE `django_admin_log` DISABLE KEYS */;
INSERT INTO `django_admin_log` VALUES (1,'2022-06-02 06:29:43.192177','2','admin',2,'[{\"changed\": {\"fields\": [\"Email address\"]}}]',11,2),(2,'2022-06-02 06:51:40.709486','1','AAA',1,'[{\"added\": {}}]',10,2),(3,'2022-06-02 06:52:44.857203','2','系統管理員',1,'[{\"added\": {}}]',10,2),(4,'2022-06-02 06:57:37.802389','AAA','AAA',1,'[{\"added\": {}}]',1,2),(5,'2022-06-02 06:57:52.375042','3','aaasec',1,'[{\"added\": {}}]',11,2),(6,'2022-06-02 06:58:29.016244','3','aaasec',2,'[{\"changed\": {\"fields\": [\"Groups\"]}}]',11,2),(7,'2022-06-02 06:59:08.964421','3','aaasec',2,'[{\"changed\": {\"fields\": [\"Email address\"]}}]',11,2),(8,'2022-06-02 07:08:33.551618','3','aaasec',2,'[{\"changed\": {\"fields\": [\"password\"]}}]',11,2),(9,'2022-06-02 07:09:58.272251','3','aaasec@aaasec.com.tw',2,'[{\"changed\": {\"fields\": [\"Username\"]}}]',11,2),(10,'2022-06-02 07:11:23.184280','3','aaasec@aaasec.com.tw',2,'[{\"changed\": {\"fields\": [\"Superuser status\"]}}]',11,2),(11,'2022-06-02 07:13:37.313340','2','admin@aaasec.com.tw',2,'[{\"changed\": {\"fields\": [\"Username\"]}}]',11,2),(12,'2022-06-02 07:21:24.360204','2','系統管理員',2,'[{\"changed\": {\"fields\": [\"Permissions\"]}}]',10,2),(13,'2022-06-02 07:23:01.737578','2','系統管理員',2,'[{\"changed\": {\"fields\": [\"Permissions\"]}}]',10,2),(14,'2022-06-10 05:51:05.779565','4','iecs_teacher',1,'[{\"added\": {}}]',11,2),(15,'2022-06-10 05:51:21.339629','4','iecs_teacher@aaasec.com.tw',2,'[{\"changed\": {\"fields\": [\"Username\"]}}]',11,2),(16,'2022-06-10 05:52:18.337402','4','iecs_teacher@aaasec.com.tw',2,'[{\"changed\": {\"fields\": [\"Email address\", \"Groups\"]}}]',11,2),(17,'2022-06-10 05:52:57.005742','3','aaasec@aaasec.com.tw',2,'[]',11,2),(18,'2022-06-10 05:56:23.392085','1','AAA',2,'[]',10,2),(19,'2022-06-10 05:58:23.967347','4','逢甲大學資訊工程學系_執行人',2,'[{\"changed\": {\"fields\": [\"Permissions\"]}}]',10,2),(20,'2022-06-10 06:17:53.561316','5','專案經理',1,'[{\"added\": {}}]',10,2),(21,'2022-06-13 07:16:31.360383','5','iecs_teacher',2,'[{\"changed\": {\"fields\": [\"password\"]}}]',11,2),(22,'2022-06-13 07:16:39.052517','5','iecs_teacher',2,'[{\"changed\": {\"fields\": [\"Active\"]}}]',11,2),(23,'2022-06-13 07:17:10.411691','5','iecs_teacher',2,'[{\"changed\": {\"fields\": [\"password\"]}}]',11,2),(24,'2022-06-13 07:19:27.224219','5','iecs_teacher@aaasec.com.tw',2,'[{\"changed\": {\"fields\": [\"Username\"]}}]',11,2),(25,'2022-06-13 07:52:54.179030','9','逢甲大學資訊工程學系_執行人',2,'[{\"changed\": {\"fields\": [\"Permissions\"]}}]',10,2),(26,'2022-06-13 07:53:30.683787','5','iecs_teacher@aaasec.com.tw',2,'[{\"changed\": {\"fields\": [\"Groups\"]}}]',11,2),(27,'2022-06-27 07:37:55.577516','1','Score object (1)',1,'[{\"added\": {}}]',21,2),(28,'2022-06-27 07:38:00.167783','2','Score object (2)',1,'[{\"added\": {}}]',21,2),(29,'2022-06-27 07:38:03.185179','3','Score object (3)',1,'[{\"added\": {}}]',21,2),(30,'2022-06-27 07:38:05.756298','4','Score object (4)',1,'[{\"added\": {}}]',21,2),(31,'2022-06-27 07:38:08.426641','5','Score object (5)',1,'[{\"added\": {}}]',21,2),(32,'2022-06-27 07:38:10.705916','6','Score object (6)',1,'[{\"added\": {}}]',21,2),(33,'2022-06-27 07:38:12.920830','7','Score object (7)',1,'[{\"added\": {}}]',21,2),(34,'2022-06-27 07:38:15.110138','8','Score object (8)',1,'[{\"added\": {}}]',21,2),(35,'2022-06-27 07:38:17.759785','9','Score object (9)',1,'[{\"added\": {}}]',21,2),(36,'2022-06-27 07:38:20.080607','10','Score object (10)',1,'[{\"added\": {}}]',21,2),(37,'2022-06-27 07:38:22.210517','11','Score object (11)',1,'[{\"added\": {}}]',21,2),(38,'2022-06-27 07:38:24.313152','12','Score object (12)',1,'[{\"added\": {}}]',21,2),(39,'2022-06-27 07:38:26.447685','13','Score object (13)',1,'[{\"added\": {}}]',21,2),(40,'2022-06-27 07:38:28.661387','14','Score object (14)',1,'[{\"added\": {}}]',21,2),(41,'2022-06-27 07:38:30.840897','15','Score object (15)',1,'[{\"added\": {}}]',21,2),(42,'2022-06-27 07:38:33.466818','16','Score object (16)',1,'[{\"added\": {}}]',21,2),(43,'2022-06-27 07:38:35.563457','17','Score object (17)',1,'[{\"added\": {}}]',21,2),(44,'2022-06-27 07:38:37.856661','18','Score object (18)',1,'[{\"added\": {}}]',21,2),(45,'2022-06-27 07:38:41.920434','19','Score object (19)',1,'[{\"added\": {}}]',21,2),(46,'2022-06-27 07:38:45.036931','20','Score object (20)',1,'[{\"added\": {}}]',21,2),(47,'2022-06-28 01:05:39.816868','1','Score object (1)',2,'[{\"changed\": {\"fields\": [\"Mail1\"]}}]',21,2),(48,'2022-06-28 06:49:57.526193','20','Score object (20)',2,'[{\"changed\": {\"fields\": [\"Mail1\"]}}]',21,2),(49,'2022-06-28 06:50:06.395597','18','Score object (18)',2,'[{\"changed\": {\"fields\": [\"Mail1\"]}}]',21,2),(50,'2022-06-28 06:50:11.905487','17','Score object (17)',2,'[{\"changed\": {\"fields\": [\"Mail1\"]}}]',21,2),(51,'2022-06-28 06:50:24.658319','14','Score object (14)',2,'[{\"changed\": {\"fields\": [\"Mail1\"]}}]',21,2),(52,'2022-06-28 06:50:34.872778','12','Score object (12)',2,'[{\"changed\": {\"fields\": [\"Mail1\"]}}]',21,2),(53,'2022-06-28 06:50:39.415129','11','Score object (11)',2,'[{\"changed\": {\"fields\": [\"Mail1\"]}}]',21,2),(54,'2022-06-28 06:50:51.315542','9','Score object (9)',2,'[{\"changed\": {\"fields\": [\"Mail1\"]}}]',21,2),(55,'2022-06-28 06:51:13.554788','4','Score object (4)',2,'[{\"changed\": {\"fields\": [\"Mail1\"]}}]',21,2),(56,'2022-06-28 06:51:20.217033','3','Score object (3)',2,'[{\"changed\": {\"fields\": [\"Mail1\"]}}]',21,2),(57,'2022-06-28 06:51:24.998649','1','Score object (1)',2,'[{\"changed\": {\"fields\": [\"Mail1\"]}}]',21,2),(58,'2022-06-28 08:50:21.404021','7','7',2,'[{\"changed\": {\"fields\": [\"Title\", \"Sender\", \"Sender Mail\", \"Address\", \"Open\", \"Click\", \"Attachment\"]}}]',2,2),(59,'2022-06-28 08:51:16.636565','8','8',2,'[{\"changed\": {\"fields\": [\"Title\", \"Sender\", \"Sender Mail\", \"Attachment\"]}}]',2,2),(60,'2022-06-28 08:54:12.325994','7','7',2,'[{\"changed\": {\"fields\": [\"MailTag\"]}}]',2,2),(61,'2022-06-28 08:54:20.407508','8','8',2,'[{\"changed\": {\"fields\": [\"MailTag\"]}}]',2,2),(62,'2022-07-19 23:54:28.857546','20','Score object (20)',3,'',21,2),(63,'2022-07-19 23:54:28.864527','19','Score object (19)',3,'',21,2),(64,'2022-07-19 23:54:28.865525','18','Score object (18)',3,'',21,2),(65,'2022-07-19 23:54:28.866551','17','Score object (17)',3,'',21,2),(66,'2022-07-19 23:54:28.868517','16','Score object (16)',3,'',21,2),(67,'2022-07-19 23:54:28.869514','15','Score object (15)',3,'',21,2),(68,'2022-07-19 23:54:28.870541','14','Score object (14)',3,'',21,2),(69,'2022-07-19 23:54:28.872506','13','Score object (13)',3,'',21,2),(70,'2022-07-19 23:54:28.873503','12','Score object (12)',3,'',21,2),(71,'2022-07-19 23:54:28.875497','11','Score object (11)',3,'',21,2),(72,'2022-07-19 23:54:28.877493','10','Score object (10)',3,'',21,2),(73,'2022-07-19 23:54:28.878515','9','Score object (9)',3,'',21,2),(74,'2022-07-19 23:54:28.880516','8','Score object (8)',3,'',21,2),(75,'2022-07-19 23:54:28.882479','7','Score object (7)',3,'',21,2),(76,'2022-07-19 23:54:28.883477','6','Score object (6)',3,'',21,2),(77,'2022-07-19 23:54:28.884475','5','Score object (5)',3,'',21,2),(78,'2022-07-19 23:54:28.885496','4','Score object (4)',3,'',21,2),(79,'2022-07-19 23:54:28.886493','3','Score object (3)',3,'',21,2),(80,'2022-07-19 23:54:28.887490','2','Score object (2)',3,'',21,2),(81,'2022-07-19 23:54:28.889485','1','Score object (1)',3,'',21,2),(82,'2022-07-20 15:43:14.682288','10','test1std01@iecslab.com.tw',3,'',11,2),(83,'2022-07-20 15:43:14.686861','11','test1std02@iecslab.com.tw',3,'',11,2),(84,'2022-07-20 15:43:14.689880','12','test1std03@iecslab.com.tw',3,'',11,2),(85,'2022-07-20 15:43:14.691847','13','test1std04@iecslab.com.tw',3,'',11,2),(86,'2022-07-20 15:43:14.693853','14','test1std05@iecslab.com.tw',3,'',11,2),(87,'2022-07-20 15:43:14.694875','15','test1std06@iecslab.com.tw',3,'',11,2),(88,'2022-07-20 15:43:14.695860','16','test1std07@iecslab.com.tw',3,'',11,2),(89,'2022-07-20 15:43:14.698072','17','test1std08@iecslab.com.tw',3,'',11,2),(90,'2022-07-20 15:43:14.699072','18','test1std09@iecslab.com.tw',3,'',11,2),(91,'2022-07-20 15:43:14.700070','19','test1std10@iecslab.com.tw',3,'',11,2),(92,'2022-07-20 15:43:14.701067','20','test1std11@iecslab.com.tw',3,'',11,2),(93,'2022-07-20 15:43:14.702064','21','test1std12@iecslab.com.tw',3,'',11,2),(94,'2022-07-20 15:43:14.705056','22','test1std13@iecslab.com.tw',3,'',11,2),(95,'2022-07-20 15:43:14.706067','23','test1std14@iecslab.com.tw',3,'',11,2),(96,'2022-07-20 15:43:14.707051','24','test1std15@iecslab.com.tw',3,'',11,2),(97,'2022-07-20 15:43:14.708521','25','test1std16@iecslab.com.tw',3,'',11,2),(98,'2022-07-20 15:43:14.709520','26','test1std17@iecslab.com.tw',3,'',11,2),(99,'2022-07-20 15:43:14.710972','27','test1std18@iecslab.com.tw',3,'',11,2),(100,'2022-07-20 15:43:14.712135','28','test1std19@iecslab.com.tw',3,'',11,2),(101,'2022-07-20 15:43:14.713362','29','test1std20@iecslab.com.tw',3,'',11,2),(102,'2022-07-20 15:43:27.136251','32','test1_std',3,'',10,2),(103,'2022-07-20 18:44:34.549011','4','ReportBackRecord object (4)',3,'',22,2),(104,'2022-07-20 18:44:34.553997','3','ReportBackRecord object (3)',3,'',22,2),(105,'2022-07-20 18:44:34.555992','2','ReportBackRecord object (2)',3,'',22,2),(106,'2022-07-20 18:44:34.558613','1','ReportBackRecord object (1)',3,'',22,2),(107,'2022-07-20 19:20:53.769859','7','ReportBackRecord object (7)',3,'',22,2),(108,'2022-07-20 19:20:53.774856','6','ReportBackRecord object (6)',3,'',22,2),(109,'2022-07-20 19:20:53.775857','5','ReportBackRecord object (5)',3,'',22,2),(110,'2022-07-20 19:24:21.334158','10','ReportBackRecord object (10)',3,'',22,2),(111,'2022-07-20 19:24:21.337150','9','ReportBackRecord object (9)',3,'',22,2),(112,'2022-07-20 19:27:55.662616','12','ReportBackRecord object (12)',3,'',22,2),(113,'2022-07-20 19:27:55.665863','11','ReportBackRecord object (11)',3,'',22,2),(114,'2022-07-20 19:31:41.745685','14','ReportBackRecord object (14)',3,'',22,2),(115,'2022-07-20 19:31:41.749953','13','ReportBackRecord object (13)',3,'',22,2),(116,'2022-07-20 19:31:41.751950','8','ReportBackRecord object (8)',3,'',22,2),(117,'2022-07-20 19:33:39.516275','16','ReportBackRecord object (16)',3,'',22,2),(118,'2022-07-20 20:29:01.280275','16','16',2,'[{\"changed\": {\"fields\": [\"AttachmentFile\"]}}]',2,2),(119,'2022-07-20 20:30:03.520645','16','16',2,'[{\"changed\": {\"fields\": [\"AttachmentFile\"]}}]',2,2),(120,'2022-07-20 20:33:55.673851','35','test1_std',3,'',10,2),(121,'2022-07-20 20:34:35.453601','30','test1std01@iecslab.com.tw',3,'',11,2),(122,'2022-07-20 20:34:35.455595','31','test1std02@iecslab.com.tw',3,'',11,2),(123,'2022-07-20 20:34:35.456593','32','test1std03@iecslab.com.tw',3,'',11,2),(124,'2022-07-20 20:34:35.458600','33','test1std04@iecslab.com.tw',3,'',11,2),(125,'2022-07-20 20:34:35.460586','34','test1std05@iecslab.com.tw',3,'',11,2),(126,'2022-07-20 20:34:35.461584','35','test1std06@iecslab.com.tw',3,'',11,2),(127,'2022-07-20 20:34:35.463580','36','test1std07@iecslab.com.tw',3,'',11,2),(128,'2022-07-20 20:34:35.464575','37','test1std08@iecslab.com.tw',3,'',11,2),(129,'2022-07-20 20:34:35.465571','38','test1std09@iecslab.com.tw',3,'',11,2),(130,'2022-07-20 20:34:35.466570','39','test1std10@iecslab.com.tw',3,'',11,2),(131,'2022-07-20 20:34:35.468564','40','test1std11@iecslab.com.tw',3,'',11,2),(132,'2022-07-20 20:34:35.469562','41','test1std12@iecslab.com.tw',3,'',11,2),(133,'2022-07-20 20:34:35.470555','42','test1std13@iecslab.com.tw',3,'',11,2),(134,'2022-07-20 20:34:35.473565','43','test1std14@iecslab.com.tw',3,'',11,2),(135,'2022-07-20 20:34:35.474550','44','test1std15@iecslab.com.tw',3,'',11,2),(136,'2022-07-20 20:34:35.475547','45','test1std16@iecslab.com.tw',3,'',11,2),(137,'2022-07-20 20:34:35.477541','46','test1std17@iecslab.com.tw',3,'',11,2),(138,'2022-07-20 20:34:35.478539','47','test1std18@iecslab.com.tw',3,'',11,2),(139,'2022-07-20 20:34:35.479536','48','test1std19@iecslab.com.tw',3,'',11,2),(140,'2022-07-20 20:34:35.480529','49','test1std20@iecslab.com.tw',3,'',11,2),(141,'2022-07-20 20:36:37.535119','38','test1_std',3,'',10,2),(142,'2022-07-20 20:37:16.881254','50','test1std01@iecslab.com.tw',3,'',11,2),(143,'2022-07-20 20:37:16.882222','51','test1std02@iecslab.com.tw',3,'',11,2),(144,'2022-07-20 20:37:16.884220','52','test1std03@iecslab.com.tw',3,'',11,2),(145,'2022-07-20 20:37:16.885216','53','test1std04@iecslab.com.tw',3,'',11,2),(146,'2022-07-20 20:37:16.886214','54','test1std05@iecslab.com.tw',3,'',11,2),(147,'2022-07-20 20:37:16.887211','55','test1std06@iecslab.com.tw',3,'',11,2),(148,'2022-07-20 20:37:16.889206','56','test1std07@iecslab.com.tw',3,'',11,2),(149,'2022-07-20 20:37:16.890203','57','test1std08@iecslab.com.tw',3,'',11,2),(150,'2022-07-20 20:37:16.893193','58','test1std09@iecslab.com.tw',3,'',11,2),(151,'2022-07-20 20:37:16.895187','59','test1std10@iecslab.com.tw',3,'',11,2),(152,'2022-07-20 20:37:16.896184','60','test1std11@iecslab.com.tw',3,'',11,2),(153,'2022-07-20 20:37:16.897208','61','test1std12@iecslab.com.tw',3,'',11,2),(154,'2022-07-20 20:37:16.899205','62','test1std13@iecslab.com.tw',3,'',11,2),(155,'2022-07-20 20:37:16.900192','63','test1std14@iecslab.com.tw',3,'',11,2),(156,'2022-07-20 20:37:16.901196','64','test1std15@iecslab.com.tw',3,'',11,2),(157,'2022-07-20 20:37:16.903192','65','test1std16@iecslab.com.tw',3,'',11,2),(158,'2022-07-20 20:37:16.905186','66','test1std17@iecslab.com.tw',3,'',11,2),(159,'2022-07-20 20:37:16.906158','67','test1std18@iecslab.com.tw',3,'',11,2),(160,'2022-07-20 20:37:16.907156','68','test1std19@iecslab.com.tw',3,'',11,2),(161,'2022-07-20 20:37:16.908153','69','test1std20@iecslab.com.tw',3,'',11,2),(162,'2022-07-20 21:36:23.533225','AAA','AAA',2,'[{\"changed\": {\"fields\": [\"CompanyName\"]}}]',1,2),(163,'2022-07-20 21:46:43.355867','44','IECS22001_std',3,'',10,2),(164,'2022-07-20 21:46:58.263235','41','test1_std',3,'',10,2),(165,'2022-07-20 21:48:02.527945','90','IECS22001std01@iecslab.com.tw',3,'',11,2),(166,'2022-07-20 21:48:02.529939','91','IECS22001std02@iecslab.com.tw',3,'',11,2),(167,'2022-07-20 21:48:02.531938','92','IECS22001std03@iecslab.com.tw',3,'',11,2),(168,'2022-07-20 21:48:02.534926','93','IECS22001std04@iecslab.com.tw',3,'',11,2),(169,'2022-07-20 21:48:02.536924','94','IECS22001std05@iecslab.com.tw',3,'',11,2),(170,'2022-07-20 21:48:02.539916','95','IECS22001std06@iecslab.com.tw',3,'',11,2),(171,'2022-07-20 21:48:02.540911','96','IECS22001std07@iecslab.com.tw',3,'',11,2),(172,'2022-07-20 21:48:02.541907','97','IECS22001std08@iecslab.com.tw',3,'',11,2),(173,'2022-07-20 21:48:02.542905','98','IECS22001std09@iecslab.com.tw',3,'',11,2),(174,'2022-07-20 21:48:02.544903','99','IECS22001std10@iecslab.com.tw',3,'',11,2),(175,'2022-07-20 21:48:02.545901','100','IECS22001std11@iecslab.com.tw',3,'',11,2),(176,'2022-07-20 21:48:02.546894','101','IECS22001std12@iecslab.com.tw',3,'',11,2),(177,'2022-07-20 21:48:02.547891','102','IECS22001std13@iecslab.com.tw',3,'',11,2),(178,'2022-07-20 21:48:02.548889','103','IECS22001std14@iecslab.com.tw',3,'',11,2),(179,'2022-07-20 21:48:02.549886','104','IECS22001std15@iecslab.com.tw',3,'',11,2),(180,'2022-07-20 21:48:02.550884','105','IECS22001std16@iecslab.com.tw',3,'',11,2),(181,'2022-07-20 21:48:02.551881','106','IECS22001std17@iecslab.com.tw',3,'',11,2),(182,'2022-07-20 21:48:02.552878','107','IECS22001std18@iecslab.com.tw',3,'',11,2),(183,'2022-07-20 21:48:02.553876','108','IECS22001std19@iecslab.com.tw',3,'',11,2),(184,'2022-07-20 21:48:02.554877','109','IECS22001std20@iecslab.com.tw',3,'',11,2),(185,'2022-07-20 21:48:02.555871','70','test1std01@iecslab.com.tw',3,'',11,2),(186,'2022-07-20 21:48:02.557865','71','test1std02@iecslab.com.tw',3,'',11,2),(187,'2022-07-20 21:48:02.558862','72','test1std03@iecslab.com.tw',3,'',11,2),(188,'2022-07-20 21:48:02.559859','73','test1std04@iecslab.com.tw',3,'',11,2),(189,'2022-07-20 21:48:02.559859','74','test1std05@iecslab.com.tw',3,'',11,2),(190,'2022-07-20 21:48:02.560857','75','test1std06@iecslab.com.tw',3,'',11,2),(191,'2022-07-20 21:48:02.561854','76','test1std07@iecslab.com.tw',3,'',11,2),(192,'2022-07-20 21:48:02.562851','77','test1std08@iecslab.com.tw',3,'',11,2),(193,'2022-07-20 21:48:02.563849','78','test1std09@iecslab.com.tw',3,'',11,2),(194,'2022-07-20 21:48:02.564850','79','test1std10@iecslab.com.tw',3,'',11,2),(195,'2022-07-20 21:48:02.565847','80','test1std11@iecslab.com.tw',3,'',11,2),(196,'2022-07-20 21:48:02.567840','81','test1std12@iecslab.com.tw',3,'',11,2),(197,'2022-07-20 21:48:02.568836','82','test1std13@iecslab.com.tw',3,'',11,2),(198,'2022-07-20 21:48:02.569833','83','test1std14@iecslab.com.tw',3,'',11,2),(199,'2022-07-20 21:48:02.570831','84','test1std15@iecslab.com.tw',3,'',11,2),(200,'2022-07-20 21:48:02.572825','85','test1std16@iecslab.com.tw',3,'',11,2),(201,'2022-07-20 21:48:02.573822','86','test1std17@iecslab.com.tw',3,'',11,2),(202,'2022-07-20 21:48:02.574819','87','test1std18@iecslab.com.tw',3,'',11,2),(203,'2022-07-20 21:48:02.575820','88','test1std19@iecslab.com.tw',3,'',11,2),(204,'2022-07-20 21:48:02.576817','89','test1std20@iecslab.com.tw',3,'',11,2),(205,'2022-07-20 21:48:18.168845','50','IECS22001_std',3,'',10,2),(206,'2022-07-26 08:30:54.008370','3','aaasec@iecslab.fcu',2,'[{\"changed\": {\"fields\": [\"Username\", \"Email address\"]}}]',11,2),(207,'2022-07-26 08:32:42.615244','2','admin@iecslab.fcu',2,'[{\"changed\": {\"fields\": [\"Username\", \"Email address\"]}}]',11,2),(208,'2022-07-26 08:36:55.161688','60','IECS2022001',3,'',10,2),(209,'2022-07-26 08:36:55.164771','61','iecslab.fcu_執行人',3,'',10,2),(210,'2022-07-26 08:37:30.563439','3','system@iecslab.fcu',2,'[{\"changed\": {\"fields\": [\"Username\", \"Email address\"]}}]',11,2),(211,'2022-07-26 08:47:02.106160','62','IECS2022001',3,'',10,2),(212,'2022-07-26 08:47:02.108154','63','資訊安全概論_執行人',3,'',10,2),(213,'2022-07-26 11:01:51.698288','22','ReportBackRecord object (22)',3,'',22,2),(214,'2022-07-27 03:39:24.333700','172','iecs_teacher@iecslab.fcu',2,'[{\"changed\": {\"fields\": [\"password\"]}}]',11,2),(215,'2022-12-23 04:49:58.176831','19','ReportBackRecord object (19)',3,'',22,2);
/*!40000 ALTER TABLE `django_admin_log` ENABLE KEYS */;
UNLOCK TABLES;

--
-- Table structure for table `django_content_type`
--

DROP TABLE IF EXISTS `django_content_type`;
/*!40101 SET @saved_cs_client     = @@character_set_client */;
/*!40101 SET character_set_client = utf8 */;
CREATE TABLE `django_content_type` (
  `id` int(11) NOT NULL AUTO_INCREMENT,
  `app_label` varchar(100) NOT NULL,
  `model` varchar(100) NOT NULL,
  PRIMARY KEY (`id`),
  UNIQUE KEY `django_content_type_app_label_model_76bd3d3b_uniq` (`app_label`,`model`)
) ENGINE=InnoDB AUTO_INCREMENT=23 DEFAULT CHARSET=utf8;
/*!40101 SET character_set_client = @saved_cs_client */;

--
-- Dumping data for table `django_content_type`
--

LOCK TABLES `django_content_type` WRITE;
/*!40000 ALTER TABLE `django_content_type` DISABLE KEYS */;
INSERT INTO `django_content_type` VALUES (8,'admin','logentry'),(10,'auth','group'),(9,'auth','permission'),(11,'auth','user'),(12,'contenttypes','contenttype'),(18,'django_q','failure'),(20,'django_q','ormq'),(16,'django_q','schedule'),(19,'django_q','success'),(17,'django_q','task'),(14,'guardian','groupobjectpermission'),(15,'guardian','userobjectpermission'),(13,'sessions','session'),(1,'SE_server','company'),(7,'SE_server','file'),(6,'SE_server','log'),(2,'SE_server','maillist'),(3,'SE_server','project'),(22,'SE_server','reportbackrecord'),(21,'SE_server','score'),(4,'SE_server','testmemberlist'),(5,'SE_server','testmemberlisttemp');
/*!40000 ALTER TABLE `django_content_type` ENABLE KEYS */;
UNLOCK TABLES;

--
-- Table structure for table `django_migrations`
--

DROP TABLE IF EXISTS `django_migrations`;
/*!40101 SET @saved_cs_client     = @@character_set_client */;
/*!40101 SET character_set_client = utf8 */;
CREATE TABLE `django_migrations` (
  `id` bigint(20) NOT NULL AUTO_INCREMENT,
  `app` varchar(255) NOT NULL,
  `name` varchar(255) NOT NULL,
  `applied` datetime(6) NOT NULL,
  PRIMARY KEY (`id`)
) ENGINE=InnoDB AUTO_INCREMENT=41 DEFAULT CHARSET=utf8;
/*!40101 SET character_set_client = @saved_cs_client */;

--
-- Dumping data for table `django_migrations`
--

LOCK TABLES `django_migrations` WRITE;
/*!40000 ALTER TABLE `django_migrations` DISABLE KEYS */;
INSERT INTO `django_migrations` VALUES (1,'contenttypes','0001_initial','2022-06-02 06:26:39.929701'),(2,'auth','0001_initial','2022-06-02 06:26:40.368775'),(3,'admin','0001_initial','2022-06-02 06:26:40.466025'),(4,'admin','0002_logentry_remove_auto_add','2022-06-02 06:26:40.474006'),(5,'admin','0003_logentry_add_action_flag_choices','2022-06-02 06:26:40.480988'),(6,'contenttypes','0002_remove_content_type_name','2022-06-02 06:26:40.568753'),(7,'auth','0002_alter_permission_name_max_length','2022-06-02 06:26:40.609644'),(8,'auth','0003_alter_user_email_max_length','2022-06-02 06:26:40.664497'),(9,'auth','0004_alter_user_username_opts','2022-06-02 06:26:40.672475'),(10,'auth','0005_alter_user_last_login_null','2022-06-02 06:26:40.710374'),(11,'auth','0006_require_contenttypes_0002','2022-06-02 06:26:40.713367'),(12,'auth','0007_alter_validators_add_error_messages','2022-06-02 06:26:40.722343'),(13,'auth','0008_alter_user_username_max_length','2022-06-02 06:26:40.766225'),(14,'auth','0009_alter_user_last_name_max_length','2022-06-02 06:26:40.812102'),(15,'auth','0010_alter_group_name_max_length','2022-06-02 06:26:40.848854'),(16,'auth','0011_update_proxy_permissions','2022-06-02 06:26:40.860851'),(17,'auth','0012_alter_user_first_name_max_length','2022-06-02 06:26:40.898902'),(18,'guardian','0001_initial','2022-06-02 06:26:41.207931'),(19,'guardian','0002_generic_permissions_index','2022-06-02 06:26:41.245843'),(20,'sessions','0001_initial','2022-06-02 06:26:41.280527'),(21,'SE_server','0001_initial','2022-06-02 06:56:26.634794'),(22,'django_q','0001_initial','2022-06-13 09:46:51.678402'),(23,'django_q','0002_auto_20150630_1624','2022-06-13 09:46:51.764201'),(24,'django_q','0003_auto_20150708_1326','2022-06-13 09:46:51.887510'),(25,'django_q','0004_auto_20150710_1043','2022-06-13 09:46:51.896485'),(26,'django_q','0005_auto_20150718_1506','2022-06-13 09:46:52.022072'),(27,'django_q','0006_auto_20150805_1817','2022-06-13 09:46:52.055952'),(28,'django_q','0007_ormq','2022-06-13 09:46:52.085872'),(29,'django_q','0008_auto_20160224_1026','2022-06-13 09:46:52.090858'),(30,'django_q','0009_auto_20171009_0915','2022-06-13 09:46:52.133744'),(31,'django_q','0010_auto_20200610_0856','2022-06-13 09:46:52.142721'),(32,'django_q','0011_auto_20200628_1055','2022-06-13 09:46:52.185606'),(33,'django_q','0012_auto_20200702_1608','2022-06-13 09:46:52.190592'),(34,'django_q','0013_task_attempt_count','2022-06-13 09:46:52.236515'),(35,'django_q','0014_schedule_cluster','2022-06-13 09:46:52.266889'),(36,'SE_server','0002_score','2022-06-27 07:34:51.485740'),(37,'SE_server','0003_score_company','2022-07-19 23:54:47.678126'),(38,'SE_server','0004_auto_20220720_0759','2022-07-20 00:00:01.700550'),(39,'SE_server','0005_reportbackrecord','2022-07-20 08:24:33.441873'),(40,'SE_server','0006_reportbackrecord_check_result','2022-07-20 08:29:56.920543');
/*!40000 ALTER TABLE `django_migrations` ENABLE KEYS */;
UNLOCK TABLES;

--
-- Table structure for table `django_q_ormq`
--

DROP TABLE IF EXISTS `django_q_ormq`;
/*!40101 SET @saved_cs_client     = @@character_set_client */;
/*!40101 SET character_set_client = utf8 */;
CREATE TABLE `django_q_ormq` (
  `id` int(11) NOT NULL AUTO_INCREMENT,
  `key` varchar(100) NOT NULL,
  `payload` longtext NOT NULL,
  `lock` datetime(6) DEFAULT NULL,
  PRIMARY KEY (`id`)
) ENGINE=InnoDB DEFAULT CHARSET=utf8;
/*!40101 SET character_set_client = @saved_cs_client */;

--
-- Dumping data for table `django_q_ormq`
--

LOCK TABLES `django_q_ormq` WRITE;
/*!40000 ALTER TABLE `django_q_ormq` DISABLE KEYS */;
/*!40000 ALTER TABLE `django_q_ormq` ENABLE KEYS */;
UNLOCK TABLES;

--
-- Table structure for table `django_q_schedule`
--

DROP TABLE IF EXISTS `django_q_schedule`;
/*!40101 SET @saved_cs_client     = @@character_set_client */;
/*!40101 SET character_set_client = utf8 */;
CREATE TABLE `django_q_schedule` (
  `id` int(11) NOT NULL AUTO_INCREMENT,
  `func` varchar(256) NOT NULL,
  `hook` varchar(256) DEFAULT NULL,
  `args` longtext,
  `kwargs` longtext,
  `schedule_type` varchar(1) NOT NULL,
  `repeats` int(11) NOT NULL,
  `next_run` datetime(6) DEFAULT NULL,
  `task` varchar(100) DEFAULT NULL,
  `name` varchar(100) DEFAULT NULL,
  `minutes` smallint(5) unsigned DEFAULT NULL,
  `cron` varchar(100) DEFAULT NULL,
  `cluster` varchar(100) DEFAULT NULL,
  PRIMARY KEY (`id`)
) ENGINE=InnoDB DEFAULT CHARSET=utf8;
/*!40101 SET character_set_client = @saved_cs_client */;

--
-- Dumping data for table `django_q_schedule`
--

LOCK TABLES `django_q_schedule` WRITE;
/*!40000 ALTER TABLE `django_q_schedule` DISABLE KEYS */;
/*!40000 ALTER TABLE `django_q_schedule` ENABLE KEYS */;
UNLOCK TABLES;

--
-- Table structure for table `django_q_task`
--

DROP TABLE IF EXISTS `django_q_task`;
/*!40101 SET @saved_cs_client     = @@character_set_client */;
/*!40101 SET character_set_client = utf8 */;
CREATE TABLE `django_q_task` (
  `name` varchar(100) NOT NULL,
  `func` varchar(256) NOT NULL,
  `hook` varchar(256) DEFAULT NULL,
  `args` longtext,
  `kwargs` longtext,
  `result` longtext,
  `started` datetime(6) NOT NULL,
  `stopped` datetime(6) NOT NULL,
  `success` tinyint(1) NOT NULL,
  `id` varchar(32) NOT NULL,
  `group` varchar(100) DEFAULT NULL,
  `attempt_count` int(11) NOT NULL,
  PRIMARY KEY (`id`)
) ENGINE=InnoDB DEFAULT CHARSET=utf8;
/*!40101 SET character_set_client = @saved_cs_client */;

--
-- Dumping data for table `django_q_task`
--

LOCK TABLES `django_q_task` WRITE;
/*!40000 ALTER TABLE `django_q_task` DISABLE KEYS */;
/*!40000 ALTER TABLE `django_q_task` ENABLE KEYS */;
UNLOCK TABLES;

--
-- Table structure for table `django_session`
--

DROP TABLE IF EXISTS `django_session`;
/*!40101 SET @saved_cs_client     = @@character_set_client */;
/*!40101 SET character_set_client = utf8 */;
CREATE TABLE `django_session` (
  `session_key` varchar(40) NOT NULL,
  `session_data` longtext NOT NULL,
  `expire_date` datetime(6) NOT NULL,
  PRIMARY KEY (`session_key`),
  KEY `django_session_expire_date_a5c62663` (`expire_date`)
) ENGINE=InnoDB DEFAULT CHARSET=utf8;
/*!40101 SET character_set_client = @saved_cs_client */;

--
-- Dumping data for table `django_session`
--

LOCK TABLES `django_session` WRITE;
/*!40000 ALTER TABLE `django_session` DISABLE KEYS */;
INSERT INTO `django_session` VALUES ('0yk315fp2ggothddt0dl5dq1kiojv5d6','.eJxVjEsOgzAMBe-SdZVSx42gy-45Q2Q7DtDSROKzqnr3gsSG7cy89zVj6YYc0lQ-5mGu5mICrUsf1lmnMMSN4ZkxyVvzLuKLcleslLxMA9s9sYedbVuijs-jPR30NPfb2tWsjTSk6mrQW0QnGpnFo0vA5CpGFkLmipNHEA_RA6EnqO8IkMzvD9qfPh8:1o0e7Q:eojJHHxZ6iSMmVUMNzFiVYjDL1HtzjG2zqrwYYv9PGM','2022-06-27 07:04:12.515963'),('1ddgypp0x35u0utj3e8plyfge1bk8kkv','.eJxVjEEOgyAQRe_CuqEFEaHL7nsGMsyMSmshEV01vXs1ceP2vff_V0xlSDn0c_mIu7iKiwiwLmNYK88h0cb0mUXAN-dd0AvyUCSWvMwpyj2Rh63yWYinx9GeDkao47Zmrxp7a511hIba3tqoPOvOmK7xAEYRa69IeQ1oUQOTib3rGBFhoyR-f5XhPbY:1nwf4r:gFt860wrQZ7R-SWHERJAkvVQrtcvTIAu8gOJ4muoq6o','2022-06-16 07:17:05.270029'),('36t6ckjvvgqb96x23sns1v5me8sj73i6','.eJxVjDsOwjAQBe_iGlnYcfyhpOcM1np3gwPIluKkQrl7EikFtDPz3ldEWOYcl8ZTHEnchBaXX5YA31wOQS8ozyqxlnkakzwSedomH5X4cz_bv4MMLe9rDqqz195bT2ioH6xNKrB2xrguABhFrIMiFTSgRQ1MJg3eMSLCTkmsG9VUOG0:1nwewb:NAbCSSs3l7ojtgy6FPXNT7XEjSFyGdbddL87TIkgeN8','2022-06-16 07:08:33.559595'),('4f4q65xki3i9l43jhj98y8db9etxvmzz','.eJyd0D1PwzAQBuD_4hkll0sTxx1BHRgiVZTd8mfjksRVfBkQ4r_jQBk6gm67e_3ozh9sjOcwS7_Eie1ZyR6YVCsNck1ukcHmXsXxvquVeXPzNrIXNZ9jYeJMS9DFFilu01T00brx8Za9AwaVhvy6hUZYZWowLUddAzTcGKU7wbuKG6VE03ntd8iFt1wj-Lpuvd-J2gjhFUBGj0u8OEPyxaV1pGwORNd9WVbIC8hV7TsQUF5_YuXz4emECFAhIB4Bt3NfXSLZu0nnxQ420O9X_FGizEzfyhgSbXCvwihP74ncPzj2-QXZPn1v:1p8aeV:SlkYd7574IvQ6LIhKNNeDOFg8gRYx4Nk5wCpH_qFing','2023-01-06 05:31:27.419265'),('4h26mnr4hwrnm2kqrxblikotwqkjompm','.eJx1kMFuwyAQRP-Fc4VhQ7DxsVUPOUSKmg9Aa1jHTh0TAT5EVf-9Rs0lB2tvM29Gmv1hU7iMs-1juLGWDTnf26qSUHOxnmwbYUTF3pjFJQ92SRTt6FcQXrUO3TfNxfBXnC-BuzDnOHa8IPzpJn4Mnqb3J_tSMGAa1jQZudNi3-jGO-X3vdadNAS1UvXOICrpCYz00gA67QDJq65vanLO4aqW0lMMV3LZflFapry56f6PVYfPjzOAEBIEwEnIMvaI42TPj5Rp-yeb-VsJR3Ih-or9_gGSzmvO:1p9Rsg:wuv4c9z-jOqZWUTCYHweLKpp6NUTg_qzafIbvlVNIXQ','2023-01-08 14:21:38.736791'),('57kve2s755m0wyokpbj699m12wzabgqu','.eJyVjz1rwzAQhv-L5qIvV5LtsaGFDoGQ0Fmc5FPs1LGCJQ-h9L9Xph6asdz23vM-3H2RMZ6HyYY5XklLGHkiFpbc2yXhbIeuZNVj5sB_4rQuugtM50h9nPI8OLoidNsmuo8dji8b-yDoIfWlHbyu1bOvvfIcDdRaK-FEAxAQJJqgwAR0UlW88p3ofGiMQKl0o10ouCnSPQyjPd1TxvX2Pudby5iQhvIyoq15w9ltjhf0mb3tPuz76-4kuZQHLtif7vr04RezR0zLmP9t2_JrkTLy_QOBrmwv:1o3XiH:BEdvWL3pV1hFt6V6YhQZD2W_Nw71wiXSw7AKl3nvJYI','2022-07-05 06:50:13.515203'),('7qr61hxyd9lh2huigvc5ndi4bcuvwlxz','.eJylj81ugzAQhN_F5wqWdcCYY6sceogUtQ-A1n_BKWAE5lBVffcaFanJpZdoT7Mz80nzxfpw8WPr5jCwhnUxTk2eFygySFc0NUjIdRgmGj_z1-PLOyJAka-LndkTa2mNXbuJ1ptULwTefxXpDztulrnSeAmZDmOcvcq2SLa7S3YKxvbPe_YO0NHSpXYFpTSkOehKoOIApdCaVC1FXQhNJMvaKXdAIZ0RCsFxXjl3kFxL6QggQc9zuFod26Px8f-502_yby4C4jmtvqGcyPePoHZjSJhb7Jtd1j4-iPv-AbmQj-o:1oGYCi:F9q8uHoJBexiEgc_sbfF6cTyGMf6mVt2jjTri7eKD-A','2022-08-10 03:59:24.210317'),('8xx51144151oudgu03vcmk1nyojfomit','.eJyd0D1vwyAQBuD_wlyZjzi28dgoQwdLUdMdYTjHJLaxAA9V1f9ecNKqGROx3d376LgvNNiTmUTn7IhqhNELEnIJvVg8OGF0rLH7WivVBabU0Gc5nWym7BScabM0kt26PmushuH1NnsH9NL3MQ2cbgqyrYpKq1xvu6JoKQdW5nm54VLmVAPjVFPOpCoUk6DztqtKUErJWE3oB_ggGhjbqO61Cb-_6EOYa4wpKzMSH60rwgmenT2DCvhtvzsyRghlhLEDYThEZlyVwfiQTtBIM4jjpw_wBDemsANlnf6zdj2oy-PUmn0HZWYD07_Nrvd_BlsXSdDhOhZ1vwzhUY1it-Yw-v4BCKewFw:1p8ZXf:SlYArEsLKmH5qB-zIGx-3KnlEMyMIQXvpPytwgGPk1Q','2023-01-06 04:20:19.932570'),('a0xp31l2hsghb6hyh3po2tlm6gl8ynch','eyJsb2dpbl9mcm9tIjoiLyJ9:1oELAl:mfnuBnAh7_ghAzj1y7_wwU1msG8Xbjpjw2U5dqOWNcE','2022-08-04 01:40:15.997858'),('a4wblyain2atzl6876m4niusq44xv141','.eJxVjDsOwjAQBe_iGlnYcfyhpOcM1np3gwPIluKkQrl7EikFtDPz3ldEWOYcl8ZTHEnchBaXX5YA31wOQS8ozyqxlnkakzwSedomH5X4cz_bv4MMLe9rDqqz195bT2ioH6xNKrB2xrguABhFrIMiFTSgRQ1MJg3eMSLCTkmsG9VUOG0:1oEL7p:AsYGWoh9NYjC4gy8TJzaUpNLTGLGpy-t3ccOOxadTgo','2022-08-04 01:37:13.577860'),('av8z3b3w39cjf38ica4dj678ycm6sb5m','.eJx1j7tOxDAQRf_FNfJjgu0kJYiCAmkFH2CNnfEmSzaOHKdC_DuOWIot0HRzzr3S_WJzOk-LizldWc_GUtZeCAWWy3qqb2UnRaY15eI8hk8XcZrZA3O4l9HtG2U3DTXY3P8OlZYDDBdczomHtJQ8eX4o_EY3_pYGmp9u7l3BiNtY0zGYVj-GNuggyWJrjFZedYiREMhGjTaSB93IJgxqCLGzikCbzvhYdVtLTzldKBT3Tts-l383rr-aeH15_gCQUoEEOEn4A9e6W7DvH4utYSg:1oGIK9:wDcsXOoPrFl1tQC1PjKguw0Ln7V9G8sAXts15B7dOr0','2022-08-09 11:02:01.279593'),('bljciqeh9zeteplytvbdzqm5hpcmsi6s','.eJxVjMsOgyAURP-FdYOAiOKy-34DuXCvjz7EAK6a_ns1cWNmN3POfNk7jvPihhQ_rGdTKWtfVVK1XOyRfSesqBKtMRXnIbxc3kKgnNmNOdjK5LZMyc24u7LR1_bgaTkmfMIyRh7iUtLs-YHwc838EZHe95O9HEyQp90G732rfN0hGqVhUECCvKmxs7UVqEyjweguYOO1sGSUlUZasiAABxMU-_0BsdlK2w:1oGIE1:iJvflGsR9rU4nqIi9zkpmX4knnUrEpRocsDKRHxuVGo','2022-08-09 10:55:41.498152'),('c4qwvk30zarysnkyn8wxxqg1ha360sej','.eJxVjEEOgyAQRe_CuqEFEaHL7nsGMsyMSmshEV01vXs1ceP2vff_V0xlSDn0c_mIu7iKiwiwLmNYK88h0cb0mUXAN-dd0AvyUCSWvMwpyj2Rh63yWYinx9GeDkao47Zmrxp7a511hIba3tqoPOvOmK7xAEYRa69IeQ1oUQOTib3rGBFhoyR-f5XhPbY:1o0eJy:dbtw9EPQAj_vhJKOLFphcQkXsfpj9q335KY8rkRCAFA','2022-06-27 07:17:10.419623'),('dcrw24hnud1tbmaf0mvf1o6k0c4t3drt','.eJxVjEEOgyAQRe_CuqEFEaHL7nsGMsyMSmshEV01vXs1ceP2vff_V0xlSDn0c_mIu7iKiwiwLmNYK88h0cb0mUXAN-dd0AvyUCSWvMwpyj2Rh63yWYinx9GeDkao47Zmrxp7a511hIba3tqoPOvOmK7xAEYRa69IeQ1oUQOTib3rGBFhoyR-f5XhPbY:1oDt21:UUHD8HOPono0dqc6kn8nMC1RlMT-bzaIO8t8_Ss4qwM','2022-08-02 19:37:21.302920'),('eq906eumtayhag557k0g2h6yd2ezvyfx','.eJxVjDsOwjAQBe_iGlnYcfyhpOcM1np3gwPIluKkQrl7EikFtDPz3ldEWOYcl8ZTHEnchBaXX5YA31wOQS8ozyqxlnkakzwSedomH5X4cz_bv4MMLe9rDqqz195bT2ioH6xNKrB2xrguABhFrIMiFTSgRQ1MJg3eMSLCTkmsG9VUOG0:1o66tJ:yZ7vZsb54KHyUZE7HBHFzC_by-uhW4Js4V-L4YS3xBY','2022-07-12 08:48:13.464728'),('fa53ljslq4mfge8tp6vgs7ybpqespvf3','eyJsb2dpbl9mcm9tIjoiLyJ9:1nzXJx:I0yOGfwS1XTs-lCY9ytC7daPZR_6lIhDl8oMDS7v9Gs','2022-06-24 05:36:33.252806'),('gd0uvurx5aayqfmc583punludmq9lgp5','.eJxVjEEOgyAQRe_CuqEFEaHL7nsGMsyMSmshEV01vXs1ceP2vff_V0xlSDn0c_mIu7iKiwiwLmNYK88h0cb0mUXAN-dd0AvyUCSWvMwpyj2Rh63yWYinx9GeDkao47Zmrxp7a511hIba3tqoPOvOmK7xAEYRa69IeQ1oUQOTib3rGBFhoyR-f5XhPbY:1nzXUg:x2zmXRd0eu6L2v--u5jjWKnXQoXG9gwFc9uA9zY4H5s','2022-06-24 05:47:38.730544'),('iifvjce5a5o47ps07mr06u54hw42n7ta','.eJxVjEEOgyAQRe_CuqEiBbTL7nsGMgwzamshEV01vXsxceP2vff_V8x5mJLnJX_EXVzFRXjY1tFvhRY_xcr0mQXAN6VdxBekIUvMaV2mIPdEHrbIZ440P472dDBCGeua0Xbmhh0abMhBZ61RQfUATNCSYwOOKbRGNxqjisi9U9Qa29vANXfi9wfECj3w:1oGI4H:Lw18aLGdU5yac4EWIuf9hbhf-snG3vkpM9AXZwVldPI','2022-08-09 10:45:37.065493'),('jljsx3nbz83vha8gf18g8t3ndtyfx9hc','.eJxVjEEOgyAQRe_CuqEFEaHL7nsGMsyMSmshEV01vXs1ceP2vff_V0xlSDn0c_mIu7iKiwiwLmNYK88h0cb0mUXAN-dd0AvyUCSWvMwpyj2Rh63yWYinx9GeDkao47Zmrxp7a511hIba3tqoPOvOmK7xAEYRa69IeQ1oUQOTib3rGBFhoyR-f5XhPbY:1o652f:bygc2q213IHUaWoxKjr6y0Ba5NhQfwf1JYvtu_rFuAc','2022-07-12 06:49:45.813313'),('n13cv1ego595qk5503weq9wtwi1t84q9','.eJx1j7GOwyAQRP-F-gQLxmBcpo8U5QcQ4CV2zjYR4CrKv8fJpUlxmmpn3o40dzKny7TamNNCejLWeusZ40JT2MX7Dgww8kOs2-pot4LZTsMOcvg2vQu_uL6S4erWS6IhrTVPnr4Q-kkLPaYB58OH_SoYXRn37xCVAcUFtl3QJnrtFQ4uNrwFrRrTOd-KAIBSgolOSSVa3WETFXIpTJR76SmnK4Zqz1i2uf476vaHsYqlcgFCnIC_jwUXj3meSmXk8QS3H1qy:1o9Cel:gjnk-gC8KnKhosqjuepcyWinD8Z8unlyMIx2qTV_H90','2022-07-20 21:33:59.903458'),('nafrm6gqn2jyspgr9yuv269xxaegk1ai','.eJxVjDsOwjAQBe_iGlnYcfyhpOcM1np3gwPIluKkQrl7EikFtDPz3ldEWOYcl8ZTHEnchBaXX5YA31wOQS8ozyqxlnkakzwSedomH5X4cz_bv4MMLe9rDqqz195bT2ioH6xNKrB2xrguABhFrIMiFTSgRQ1MJg3eMSLCTkmsG9VUOG0:1o5jJZ:vrfhQFRw-AipCP5iky9xqZmShzTaKaN7spRrJjCUrVg','2022-07-11 07:37:45.381481'),('o2vvqt4nt42gx1sydkzuf74li21t4f6c','.eJyt0jtvwjAQAOD_4rlKbEOeYyOQOiAhKFNVWY5zIYYkjmwzVFX_e50ALY-JtMp2Pn-5890nqtVWtqzUqkEp8tETYvxgK3YwoJksXCy4juVc7KHtD4odb7fKE6q1WuZen-KdTo23UAXUz6fcK6DipnK3J1DGFOM4DOIwKqZCQFBOkxDnRNA851FAIJkGFAdJJGgYhRyTgNKYlHTCMc2FQ5da7UBYtgJzqK0zK2u71PcJjTzsPpLGOMF-d0zz59mGvcyyNcWULjH1L4RZIe35DR5BSI-8grFsAU3umhsPWac0A1JLYy-LW3BZs0wDtzCGpud445zeHbz1h7HwONUbTINQuvih5rIGtulqxYt_KS2rQOwffr_h6gqE7CS09rfP466OsIYy7uYwfsA3rV5uzV-Ge783olLKAOt_hNI3RND71zcHrjMx:1o0glT:OjHOQeQTscGual1E3h8W6PzcE7h4Irj44HiPs89_Ml0','2022-06-27 09:53:43.185122'),('rhpafvoj17h84420aatcr2ybbtyt3i4a','.eJydkktvgzAQhP8L5wrsDeF1LM2hh0hRop4ts16KE14Cc4iq_vfyCGl6QAqVbzsz345sf1lCdiYTXUuN0MqKLLBeHmeJxAuVg6DOsvysbKxK0-jEHiz2TW3tfaUof715_wAy2WZ9mkK-8dg28AKFrtqmnpfwkMB3XX8TSulyRRByxUOQ6CFIUm6SBj4houynAzSuilqWVxE3JA31zMyYOnIcDr7N-sOjgIXMwcnm9ImPocCT9vddfAJgDJyh9hzeKW3WR-emb5TTc00PTXUmNOM-kTZVsRiqJ-d9KQcGcGB8oOylzsXp2hpanYdZKHrGnRVnhJf1qDF7JNS1ptL8Nps-0n9gY5HHizpS2-XLT7NIs75_AL6y4Ns:1p8bYn:r2aGD7AJacrW9YC33AP43TRfH1X4Iu3Z-VcvskgMqaw','2023-01-06 06:29:37.897390'),('rmd0l45jhpxbhufm51s7ssf6z8rp5ut9','eyJsb2dpbl9mcm9tIjoiaHR0cDovLzEyNy4wLjAuMTo4MDkwL3Byb2plY3QvSUVDUzIyMDAyMjAyMlAwMi8ifQ:1p8a4w:7G2h44KH_GZX1BXmRYiWaJNRuMQY6InzUK4SWxf2inE','2023-01-06 04:54:42.668665'),('s31h5v0jshxyfhvic9eimeccjocnc0l6','.eJxVjDsOwjAQBe_iGlnYcfyhpOcM1np3gwPIluKkQrl7EikFtDPz3ldEWOYcl8ZTHEnchBaXX5YA31wOQS8ozyqxlnkakzwSedomH5X4cz_bv4MMLe9rDqqz195bT2ioH6xNKrB2xrguABhFrIMiFTSgRQ1MJg3eMSLCTkmsG9VUOG0:1oE1bk:_jgSOF6Y-GuXTLkcEfyF4X9QvyXK3sm7Y9LE33Stplk','2022-08-03 04:46:48.536843'),('t3drqdedradq37nc13dxt2hskmmqd2to','eyJsb2dpbl9mcm9tIjoiLyJ9:1o0e6p:bygFn1vkwvXCQ5LOaPzGdL9jt3QSuEDjr_u3CFfpTSA','2022-06-27 07:03:35.879103'),('tebh0i9pagjasx71n8m3ixl4u2e7kbr6','.eJxVjEEOgyAQRe_CuqEFEaHL7nsGMsyMSmshEV01vXs1ceP2vff_V0xlSDn0c_mIu7iKiwiwLmNYK88h0cb0mUXAN-dd0AvyUCSWvMwpyj2Rh63yWYinx9GeDkao47Zmrxp7a511hIba3tqoPOvOmK7xAEYRa69IeQ1oUQOTib3rGBFhoyR-f5XhPbY:1oEBpl:8DWWjtz0X2ASRkUL17VbO0Zvt0N7MUf5RXeZH7FjnAs','2022-08-03 15:41:57.078444'),('uapkfz3quuwoqkamplewb5fb4kkl1011','.eJxVjDsOgzAQBe_iOnKMDSybkj5nsNZrFkiILfGpotw9INHQzsx7XzXlfkxe5vxRD3VXN-VpWwe_Ld3sx7izAuyVBuJ3lw4VX5T6rDmndR6DPhJ92kU_c-ym9mwvBwMtw76uTYWR2BmuwQZnTAXMFBqEpgAmwqqRIKUFlAjBGnGuFinRMaKQMer3B_TYPZA:1p8Zoe:JzE8zARtxxjKDKWCoAZuWssPkpZEQFQL9YPT1_5CLRo','2023-01-06 04:37:52.488751'),('wdh5g2opwq2zp74jj8cgxdb4l7g3z57q','eyJsb2dpbl9mcm9tIjoiaHR0cDovLzEyNy4wLjAuMTo4MDkwLyJ9:1p8bm1:WFQ57rspT39W1ZaYQjxIpO_6FZTL9YdGDE4GLCdhLR8','2023-01-06 06:43:17.076213'),('x2gi0xmdo7jtdcsfplz96nqtdnkirzd8','.eJxVjEEOgyAQRe_CuqEFEaHL7nsGMsyMSmshEV01vXs1ceP2vff_V0xlSDn0c_mIu7iKiwiwLmNYK88h0cb0mUXAN-dd0AvyUCSWvMwpyj2Rh63yWYinx9GeDkao47Zmrxp7a511hIba3tqoPOvOmK7xAEYRa69IeQ1oUQOTib3rGBFhoyR-f5XhPbY:1oGXtM:Bp2DPEGlBPaqMQgH8Mh-dERnt_8Kh-nDRQ8kA9y7gIc','2022-08-10 03:39:24.343217'),('yar5x1w7ji3tvg97mnnbj7vmzg3cb83x','.eJxVj0FuwjAQRe_idWV7BuPEWYJYdFEJiQNYkxmHBGiMErOquHsTlS7Q7N5__0vzo275PIyxm_K3apRRHyrSo_TxMacpDrIwfGct8TWNayAXGs9Zcx7LNLR6VfQrnfVXlnTbvdy3gZ7mfmmnABtvt7WvhZ1sO-9bCAkr56pNIHIgCQMIBCT2jJTEtV1dJWamha6jxylfEpd4kKH8f9CXcm-MAay0XQ6a2gZr7n-m-TzsT4jWAlrEowWjnr9rvFGf:1oJUKL:pa_OAIgQLqNFiY8eA7VPWCI2rTl7MDIiQ4KiyqMUm0s','2022-08-18 06:27:25.978763'),('z3hap4xvvzyqcg9elhlk5uszgju4c18i','.eJxVjDkOgzAQRe_iOnLwMmCnpM8ZrPF4WBJiSyxVlLsHJBra997_XzGVfsyhm8tHPMRd3ETAbR3CtvAcxrQzBfpKI9Kb86HSC3NfJJW8zmOURyJPu8hnSTy1Z3s5GHAZ9rX1VQXcODIOfO1r0KAwmYToldLG1VZTNJaI9yqqjoGaaE0DkZMjYPH7A9IqPV0:1p8ZyZ:HfxGvDGzLNp5ybwAD2z9W5LaxRust13C5lcV8WxJ2Bk','2023-01-06 04:48:07.414193');
/*!40000 ALTER TABLE `django_session` ENABLE KEYS */;
UNLOCK TABLES;

--
-- Table structure for table `guardian_groupobjectpermission`
--

DROP TABLE IF EXISTS `guardian_groupobjectpermission`;
/*!40101 SET @saved_cs_client     = @@character_set_client */;
/*!40101 SET character_set_client = utf8 */;
CREATE TABLE `guardian_groupobjectpermission` (
  `id` int(11) NOT NULL AUTO_INCREMENT,
  `object_pk` varchar(255) NOT NULL,
  `content_type_id` int(11) NOT NULL,
  `group_id` int(11) NOT NULL,
  `permission_id` int(11) NOT NULL,
  PRIMARY KEY (`id`),
  UNIQUE KEY `guardian_groupobjectperm_group_id_permission_id_o_3f189f7c_uniq` (`group_id`,`permission_id`,`object_pk`),
  KEY `guardian_groupobject_permission_id_36572738_fk_auth_perm` (`permission_id`),
  KEY `guardian_gr_content_ae6aec_idx` (`content_type_id`,`object_pk`),
  CONSTRAINT `guardian_groupobject_content_type_id_7ade36b8_fk_django_co` FOREIGN KEY (`content_type_id`) REFERENCES `django_content_type` (`id`),
  CONSTRAINT `guardian_groupobject_group_id_4bbbfb62_fk_auth_grou` FOREIGN KEY (`group_id`) REFERENCES `auth_group` (`id`),
  CONSTRAINT `guardian_groupobject_permission_id_36572738_fk_auth_perm` FOREIGN KEY (`permission_id`) REFERENCES `auth_permission` (`id`)
) ENGINE=InnoDB AUTO_INCREMENT=384 DEFAULT CHARSET=utf8;
/*!40101 SET character_set_client = @saved_cs_client */;

--
-- Dumping data for table `guardian_groupobjectpermission`
--

LOCK TABLES `guardian_groupobjectpermission` WRITE;
/*!40000 ALTER TABLE `guardian_groupobjectpermission` DISABLE KEYS */;
INSERT INTO `guardian_groupobjectpermission` VALUES (1,'AAA',1,1,4),(2,'AAA',1,2,3),(3,'AAA',1,2,5),(4,'AAA',1,2,4),(5,'AAA',1,2,1),(6,'AAA',1,2,2),(11,'FCU_IECS',1,5,4),(12,'FCU_IECS',1,2,5),(13,'FCU_IECS',1,2,4),(14,'FCU_IECS',1,2,1),(15,'FCU_IECS',1,2,2),(16,'FCU_IECS',1,2,3),(17,'5',11,2,44),(18,'FCU_IECS2022P01',3,5,13),(21,'FCU_IECS2022P01',3,2,13),(22,'FCU_IECS2022P01',3,2,11),(23,'FCU_IECS2022P01',3,2,10),(24,'FCU_IECS2022P01',3,2,12),(25,'FCU_IECS2022P01',3,2,14),(27,'FCU_IECS2022P02',3,5,13),(30,'FCU_IECS2022P02',3,2,13),(31,'FCU_IECS2022P02',3,2,11),(32,'FCU_IECS2022P02',3,2,10),(33,'FCU_IECS2022P02',3,2,12),(34,'FCU_IECS2022P02',3,2,14),(36,'FCU_IECS2022P03',3,5,13),(39,'FCU_IECS2022P03',3,2,13),(40,'FCU_IECS2022P03',3,2,11),(41,'FCU_IECS2022P03',3,2,10),(42,'FCU_IECS2022P03',3,2,12),(43,'FCU_IECS2022P03',3,2,14),(45,'6',11,2,44),(46,'7',11,2,44),(47,'8',11,2,44),(48,'9',11,2,44),(52,'test1',1,5,4),(53,'test1',1,2,5),(54,'test1',1,2,4),(55,'test1',1,2,1),(56,'test1',1,2,2),(57,'test1',1,2,3),(61,'test12022P01',3,5,13),(64,'test12022P01',3,2,13),(65,'test12022P01',3,2,11),(66,'test12022P01',3,2,10),(67,'test12022P01',3,2,12),(68,'test12022P01',3,2,14),(79,'test12022P02',3,5,13),(84,'test12022P02',3,2,13),(85,'test12022P02',3,2,11),(86,'test12022P02',3,2,10),(87,'test12022P02',3,2,12),(88,'test12022P02',3,2,14),(91,'10',11,2,44),(185,'IECS22001',1,5,4),(186,'IECS22001',1,2,5),(187,'IECS22001',1,2,4),(188,'IECS22001',1,2,1),(189,'IECS22001',1,2,2),(190,'IECS22001',1,2,3),(191,'IECS220012022P01',3,5,13),(192,'IECS220012022P02',3,5,13),(197,'IECS220012022P01',3,2,13),(198,'IECS220012022P02',3,2,13),(199,'IECS220012022P01',3,2,11),(200,'IECS220012022P02',3,2,11),(201,'IECS220012022P01',3,2,10),(202,'IECS220012022P02',3,2,10),(203,'IECS220012022P01',3,2,12),(204,'IECS220012022P02',3,2,12),(205,'IECS220012022P01',3,2,14),(206,'IECS220012022P02',3,2,14),(245,'151',11,2,44),(246,'IECS22001',1,58,5),(247,'IECS22001',1,58,4),(248,'IECS22001',1,57,4),(249,'IECS220012022P01',3,58,13),(250,'IECS220012022P02',3,58,13),(251,'IECS220012022P01',3,58,14),(252,'IECS220012022P02',3,58,14),(253,'IECS220012022P01',3,57,13),(254,'IECS220012022P02',3,57,13),(255,'IECS220012022P01',3,57,14),(256,'IECS220012022P02',3,57,14),(257,'172',11,2,44),(261,'IECS2022001',1,5,4),(262,'IECS2022001',1,2,5),(263,'IECS2022001',1,2,4),(264,'IECS2022001',1,2,1),(265,'IECS2022001',1,2,2),(266,'IECS2022001',1,2,3),(273,'IECS20220012022P01',3,5,13),(274,'IECS20220012022P02',3,5,13),(279,'IECS20220012022P01',3,2,13),(280,'IECS20220012022P02',3,2,13),(281,'IECS20220012022P01',3,2,11),(282,'IECS20220012022P02',3,2,11),(283,'IECS20220012022P01',3,2,10),(284,'IECS20220012022P02',3,2,10),(285,'IECS20220012022P01',3,2,12),(286,'IECS20220012022P02',3,2,12),(287,'IECS20220012022P01',3,2,14),(288,'IECS20220012022P02',3,2,14),(293,'193',11,2,44),(297,'IECS22002',1,5,4),(298,'IECS22002',1,2,5),(299,'IECS22002',1,2,4),(300,'IECS22002',1,2,1),(301,'IECS22002',1,2,2),(302,'IECS22002',1,2,3),(303,'IECS220022022P01',3,5,13),(304,'IECS220022022P02',3,5,13),(309,'IECS220022022P01',3,2,13),(310,'IECS220022022P02',3,2,13),(311,'IECS220022022P01',3,2,11),(312,'IECS220022022P02',3,2,11),(313,'IECS220022022P01',3,2,10),(314,'IECS220022022P02',3,2,10),(315,'IECS220022022P01',3,2,12),(316,'IECS220022022P02',3,2,12),(317,'IECS220022022P01',3,2,14),(318,'IECS220022022P02',3,2,14),(323,'194',11,2,44),(324,'IECS2201',1,64,5),(325,'IECS2201',1,64,4),(326,'IECS2201',1,63,4),(327,'IECS2201',1,5,4),(328,'IECS2201',1,2,5),(329,'IECS2201',1,2,4),(330,'IECS2201',1,2,1),(331,'IECS2201',1,2,2),(332,'IECS2201',1,2,3),(333,'IECS22012022P01',3,5,13),(334,'IECS22012022P02',3,5,13),(335,'IECS22012022P01',3,64,13),(336,'IECS22012022P02',3,64,13),(337,'IECS22012022P01',3,64,14),(338,'IECS22012022P02',3,64,14),(339,'IECS22012022P01',3,2,13),(340,'IECS22012022P02',3,2,13),(341,'IECS22012022P01',3,2,11),(342,'IECS22012022P02',3,2,11),(343,'IECS22012022P01',3,2,10),(344,'IECS22012022P02',3,2,10),(345,'IECS22012022P01',3,2,12),(346,'IECS22012022P02',3,2,12),(347,'IECS22012022P01',3,2,14),(348,'IECS22012022P02',3,2,14),(349,'IECS22012022P01',3,63,13),(350,'IECS22012022P02',3,63,13),(351,'IECS22012022P01',3,63,14),(352,'IECS22012022P02',3,63,14),(353,'IECS2202',1,67,5),(354,'IECS2202',1,67,4),(355,'IECS2202',1,66,4),(356,'IECS2202',1,5,4),(357,'IECS2202',1,2,5),(358,'IECS2202',1,2,4),(359,'IECS2202',1,2,1),(360,'IECS2202',1,2,2),(361,'IECS2202',1,2,3),(362,'IECS22022022P01',3,5,13),(363,'IECS22022022P02',3,5,13),(364,'IECS22022022P01',3,67,13),(365,'IECS22022022P02',3,67,13),(366,'IECS22022022P01',3,67,14),(367,'IECS22022022P02',3,67,14),(368,'IECS22022022P01',3,2,13),(369,'IECS22022022P02',3,2,13),(370,'IECS22022022P01',3,2,11),(371,'IECS22022022P02',3,2,11),(372,'IECS22022022P01',3,2,10),(373,'IECS22022022P02',3,2,10),(374,'IECS22022022P01',3,2,12),(375,'IECS22022022P02',3,2,12),(376,'IECS22022022P01',3,2,14),(377,'IECS22022022P02',3,2,14),(378,'IECS22022022P01',3,66,13),(379,'IECS22022022P02',3,66,13),(380,'IECS22022022P01',3,66,14),(381,'IECS22022022P02',3,66,14),(382,'235',11,2,44),(383,'236',11,2,44);
/*!40000 ALTER TABLE `guardian_groupobjectpermission` ENABLE KEYS */;
UNLOCK TABLES;

--
-- Table structure for table `guardian_userobjectpermission`
--

DROP TABLE IF EXISTS `guardian_userobjectpermission`;
/*!40101 SET @saved_cs_client     = @@character_set_client */;
/*!40101 SET character_set_client = utf8 */;
CREATE TABLE `guardian_userobjectpermission` (
  `id` int(11) NOT NULL AUTO_INCREMENT,
  `object_pk` varchar(255) NOT NULL,
  `content_type_id` int(11) NOT NULL,
  `permission_id` int(11) NOT NULL,
  `user_id` int(11) NOT NULL,
  PRIMARY KEY (`id`),
  UNIQUE KEY `guardian_userobjectpermi_user_id_permission_id_ob_b0b3d2fc_uniq` (`user_id`,`permission_id`,`object_pk`),
  KEY `guardian_userobjectp_permission_id_71807bfc_fk_auth_perm` (`permission_id`),
  KEY `guardian_us_content_179ed2_idx` (`content_type_id`,`object_pk`),
  CONSTRAINT `guardian_userobjectp_content_type_id_2e892405_fk_django_co` FOREIGN KEY (`content_type_id`) REFERENCES `django_content_type` (`id`),
  CONSTRAINT `guardian_userobjectp_permission_id_71807bfc_fk_auth_perm` FOREIGN KEY (`permission_id`) REFERENCES `auth_permission` (`id`),
  CONSTRAINT `guardian_userobjectpermission_user_id_d5c1e964_fk_auth_user_id` FOREIGN KEY (`user_id`) REFERENCES `auth_user` (`id`)
) ENGINE=InnoDB AUTO_INCREMENT=11 DEFAULT CHARSET=utf8;
/*!40101 SET character_set_client = @saved_cs_client */;

--
-- Dumping data for table `guardian_userobjectpermission`
--

LOCK TABLES `guardian_userobjectpermission` WRITE;
/*!40000 ALTER TABLE `guardian_userobjectpermission` DISABLE KEYS */;
INSERT INTO `guardian_userobjectpermission` VALUES (7,'172',11,44,172),(9,'235',11,44,235),(10,'236',11,44,236);
/*!40000 ALTER TABLE `guardian_userobjectpermission` ENABLE KEYS */;
UNLOCK TABLES;

--
-- Table structure for table `log`
--

DROP TABLE IF EXISTS `log`;
/*!40101 SET @saved_cs_client     = @@character_set_client */;
/*!40101 SET character_set_client = utf8 */;
CREATE TABLE `log` (
  `DATE` date DEFAULT NULL,
  `TIME` time DEFAULT NULL,
  `HTML` varchar(255) DEFAULT NULL,
  `UUID` varchar(255) DEFAULT NULL,
  `id` bigint(20) DEFAULT NULL
) ENGINE=InnoDB DEFAULT CHARSET=utf8;
/*!40101 SET character_set_client = @saved_cs_client */;

--
-- Dumping data for table `log`
--

LOCK TABLES `log` WRITE;
/*!40000 ALTER TABLE `log` DISABLE KEYS */;
INSERT INTO `log` VALUES ('2022-06-13','08:35:41','/line/acc_login.html','MC69b072eb',NULL),('2022-06-13','08:35:41','/line/showhost.htm','MC69b072eb',NULL),('2022-06-13','09:15:46','/line/acc_login.html','MCEc0CE82d',NULL),('2022-06-13','09:15:46','/line/showhost.htm','MCEc0CE82d',NULL),('2022-06-13','09:18:14','/line/showhost.htm','MCEc0CE82d',NULL),('2022-06-13','10:36:12','/ipost/imgs/info_gwc.PNG','AAASEC',NULL),('2022-06-13','10:36:12','/ipost/imgs/logo.png','AAASEC',NULL),('2022-06-13','10:40:01','/technews/imgs/365832824.jpg','AAASEC',NULL),('2022-06-13','10:40:03','/technews/news.html','AAASEC',NULL),('2022-06-13','10:40:03','/technews/showhost.htm','AAASEC',NULL),('2022-06-13','10:42:38','/technews/imgs/365832824.jpg','JD19dC557f',NULL),('2022-06-13','10:42:54','/technews/imgs/365832824.jpg','JDC075Ee1d',NULL),('2022-06-13','10:43:00','/technews/imgs/365832824.jpg','JDC075Ee1d',NULL),('2022-06-13','10:43:44','/technews/imgs/365832824.jpg','JD6f2A8e14',NULL),('2022-06-13','10:43:48','/technews/news.html','JD6f2A8e14',NULL),('2022-06-13','10:43:48','/technews/showhost.htm','JD6f2A8e14',NULL),('2022-06-13','10:43:48','/technews/news.html','JD6f2A8e14',NULL),('2022-06-13','10:44:02','/technews/imgs/365832824.jpg','JD9bb159b7',NULL),('2022-06-13','10:44:49','/technews/imgs/365832824.jpg','JD1ce31c24',NULL),('2022-06-13','10:47:49','/technews/imgs/365832824.jpg','JD1384E60b',NULL),('2022-06-13','10:48:08','/yjc/form.html','YJ9a0566a9',NULL),('2022-06-13','10:48:08','/yjc/showhost.htm','YJ9a0566a9',NULL),('2022-06-13','10:52:42','/technews/showhost.htm','',NULL),('2022-06-13','10:56:07','/technews/news.html','JD5b6C447a',NULL),('2022-06-13','10:56:07','/technews/showhost.htm','JD5b6C447a',NULL),('2022-06-13','10:56:07','/technews/news.html','JD5b6C447a',NULL),('2022-06-13','11:00:57','/technews/imgs/365832824.jpg','JDD47EC091',NULL),('2022-06-13','11:01:57','/technews/news.html','JD015ABcc1',NULL),('2022-06-13','11:01:57','/technews/showhost.htm','JD015ABcc1',NULL),('2022-06-13','11:01:57','/technews/news.html','JD015ABcc1',NULL),('2022-06-13','11:07:18','/technews/imgs/365832824.jpg','JDCf0D8539',NULL),('2022-06-13','11:07:26','/technews/imgs/365832824.jpg','JD9a5E432a',NULL),('2022-06-13','11:07:54','/technews/imgs/365832824.jpg','JD53542337',NULL),('2022-06-13','11:10:37','/technews/imgs/365832824.jpg','JD0cd00847',NULL),('2022-06-13','11:21:13','/technews/imgs/365832824.jpg','JD1384E60b',NULL),('2022-06-13','11:21:58','/technews/imgs/365832824.jpg','JD3c7CAe65',NULL),('2022-06-13','11:22:16','/technews/news.html','JD3c7CAe65',NULL),('2022-06-13','11:22:35','/technews/showhost.htm','JD3c7CAe65',NULL),('2022-06-13','11:34:38','/technews/news.html','JD56956776',NULL),('2022-06-13','11:34:38','/technews/showhost.htm','JD56956776',NULL),('2022-06-13','11:39:04','/technews/imgs/365832824.jpg','JD8536Abda',NULL),('2022-06-13','11:39:21','/technews/imgs/365832824.jpg','JD92923241',NULL),('2022-06-13','11:46:51','/technews/imgs/365832824.jpg','JDBebF31fe',NULL),('2022-06-13','11:48:35','/technews/imgs/365832824.jpg','JD19dC557f',NULL),('2022-06-13','12:33:03','/technews/imgs/365832824.jpg','JD394CE809',NULL),('2022-06-13','13:09:54','/technews/imgs/365832824.jpg','JD1c312ff3',NULL),('2022-06-13','13:11:06','/technews/imgs/365832824.jpg','JD5d29Ad0a',NULL),('2022-06-13','13:15:57','/inea/imgs/info.PNG','AAASEC',NULL),('2022-06-13','13:23:49','/inea/imgs/info.PNG','AAASEC',NULL),('2022-06-13','13:23:51','/inea/list.html','AAASEC',NULL),('2022-06-13','13:23:51','/inea/showhost.htm','AAASEC',NULL),('2022-06-13','13:25:05','/technews/imgs/365832824.jpg','JD34978743',NULL),('2022-06-13','13:25:17','/inea/imgs/info.PNG','MC13f23383',NULL),('2022-06-13','13:25:17','/inea/imgs/info.PNG','MC30fBA90d',NULL),('2022-06-13','13:25:28','/inea/imgs/info.PNG','MC1ddBFb6f',NULL),('2022-06-13','13:25:52','/inea/list.html','MC7ee9Dbc8',NULL),('2022-06-13','13:25:52','/inea/showhost.htm','MC7ee9Dbc8',NULL),('2022-06-13','13:26:13','/inea/imgs/info.PNG','MC0a7B8e12',NULL),('2022-06-13','13:26:13','/inea/imgs/info.PNG','MC0a7B8e12',NULL),('2022-06-13','13:26:21','/inea/imgs/info.PNG','MCEd4A3755',NULL),('2022-06-13','13:26:21','/inea/imgs/info.PNG','MCEd4A3755',NULL),('2022-06-13','13:26:22','/inea/imgs/info.PNG','MCEdc71d32',NULL),('2022-06-13','13:26:22','/inea/list.html','MCDe98E105',NULL),('2022-06-13','13:26:22','/inea/showhost.htm','MCDe98E105',NULL),('2022-06-13','13:26:23','/inea/imgs/info.PNG','MC34fD7e00',NULL),('2022-06-13','13:26:23','/inea/imgs/info.PNG','MC34fD7e00',NULL),('2022-06-13','13:26:30','/inea/list.html','MC0a7B8e12',NULL),('2022-06-13','13:26:30','/inea/showhost.htm','MC0a7B8e12',NULL),('2022-06-13','13:26:48','/inea/list.html','MC13f23383',NULL),('2022-06-13','13:26:48','/inea/showhost.htm','MC13f23383',NULL),('2022-06-13','13:27:25','/inea/imgs/info.PNG','MC3c04Abe3',NULL),('2022-06-13','13:27:25','/inea/imgs/info.PNG','MC3c04Abe3',NULL),('2022-06-13','13:27:25','/inea/imgs/info.PNG','MC3c04Abe3',NULL),('2022-06-13','13:27:25','/inea/imgs/info.PNG','MC3c04Abe3',NULL),('2022-06-13','13:27:37','/inea/imgs/info.PNG','MC9da8A4b7',NULL),('2022-06-13','13:27:37','/inea/imgs/info.PNG','MC34fD7e00',NULL),('2022-06-13','13:27:39','/inea/imgs/info.PNG','MC34fD7e00',NULL),('2022-06-13','13:27:41','/inea/imgs/info.PNG','MC34fD7e00',NULL),('2022-06-13','13:27:56','/inea/list.html','MC88f3Eec9',NULL),('2022-06-13','13:27:56','/inea/showhost.htm','MC88f3Eec9',NULL),('2022-06-13','13:28:13','/inea/imgs/info.PNG','MC3c04Abe3',NULL),('2022-06-13','13:28:22','/inea/list.html','MCEd1E1ff3',NULL),('2022-06-13','13:28:22','/inea/showhost.htm','MCEd1E1ff3',NULL),('2022-06-13','13:28:22','/inea/imgs/info.PNG','MCEe0666ec',NULL),('2022-06-13','13:28:22','/inea/imgs/info.PNG','MCEe0666ec',NULL),('2022-06-13','13:28:22','/inea/imgs/info.PNG','MCEe0666ec',NULL),('2022-06-13','13:28:22','/inea/imgs/info.PNG','MCEe0666ec',NULL),('2022-06-13','13:28:22','/inea/imgs/info.PNG','MC88f3Eec9',NULL),('2022-06-13','13:28:27','/inea/imgs/info.PNG','MC5e5CEc82',NULL),('2022-06-13','13:28:27','/inea/imgs/info.PNG','MC5e5CEc82',NULL),('2022-06-13','13:28:29','/inea/imgs/info.PNG','MCE9bAE05e',NULL),('2022-06-13','13:28:29','/inea/imgs/info.PNG','MCE9bAE05e',NULL),('2022-06-13','13:28:29','/inea/list.html','MCFbeB6896',NULL),('2022-06-13','13:28:29','/inea/showhost.htm','MCFbeB6896',NULL),('2022-06-13','13:28:51','/inea/imgs/info.PNG','MC9da8A4b7',NULL),('2022-06-13','13:28:56','/inea/imgs/info.PNG','MCEd1E1ff3',NULL),('2022-06-13','13:28:56','/inea/imgs/info.PNG','MCEd1E1ff3',NULL),('2022-06-13','13:29:12','/inea/imgs/info.PNG','MCEe0666ec',NULL),('2022-06-13','13:29:15','/inea/imgs/info.PNG','MCE7c6875a',NULL),('2022-06-13','13:29:15','/inea/imgs/info.PNG','MCE7c6875a',NULL),('2022-06-13','13:30:11','/inea/list.html','MCE7c6875a',NULL),('2022-06-13','13:30:11','/inea/showhost.htm','MCE7c6875a',NULL),('2022-06-13','13:30:12','/inea/imgs/info.PNG','MCEd1E1ff3',NULL),('2022-06-13','13:30:14','/inea/imgs/info.PNG','MCEd1E1ff3',NULL),('2022-06-13','13:30:19','/inea/imgs/info.PNG','MCEdc71d32',NULL),('2022-06-13','13:30:21','/inea/imgs/info.PNG','MCEdc71d32',NULL),('2022-06-13','13:30:24','/inea/imgs/info.PNG','MCE7c6875a',NULL),('2022-06-13','13:30:26','/inea/imgs/info.PNG','MCEdc71d32',NULL),('2022-06-13','13:30:26','/inea/imgs/info.PNG','MCEdc71d32',NULL),('2022-06-13','13:30:27','/inea/imgs/info.PNG','MC3e35De88',NULL),('2022-06-13','13:30:27','/inea/imgs/info.PNG','MCE7c6875a',NULL),('2022-06-13','13:30:27','/inea/imgs/info.PNG','MCE7c6875a',NULL),('2022-06-13','13:30:55','/inea/imgs/info.PNG','MC3e35De88',NULL),('2022-06-13','13:30:55','/inea/imgs/info.PNG','MC3e35De88',NULL),('2022-06-13','13:31:38','/inea/imgs/info.PNG','MC0237A108',NULL),('2022-06-13','13:31:38','/inea/imgs/info.PNG','MC0237A108',NULL),('2022-06-13','13:31:52','/inea/imgs/info.PNG','MC0290Ab9c',NULL),('2022-06-13','13:31:57','/inea/imgs/info.PNG','MCE9bAE05e',NULL),('2022-06-13','13:31:57','/inea/imgs/info.PNG','MCE9bAE05e',NULL),('2022-06-13','13:31:59','/inea/imgs/info.PNG','MCE9bAE05e',NULL),('2022-06-13','13:31:59','/inea/imgs/info.PNG','MCE9bAE05e',NULL),('2022-06-13','13:32:20','/inea/list.html','MC0237A108',NULL),('2022-06-13','13:32:20','/inea/showhost.htm','MC0237A108',NULL),('2022-06-13','13:32:31','/inea/imgs/info.PNG','MCEdc71d32',NULL),('2022-06-13','13:33:01','/inea/imgs/info.PNG','MCEdc71d32',NULL),('2022-06-13','13:33:24','/inea/imgs/info.PNG','MCEd1E1ff3',NULL),('2022-06-13','13:33:26','/inea/imgs/info.PNG','MCEd1E1ff3',NULL),('2022-06-13','13:33:27','/inea/imgs/info.PNG','MCEd1E1ff3',NULL),('2022-06-13','13:33:29','/inea/imgs/info.PNG','MCEd1E1ff3',NULL),('2022-06-13','13:33:29','/inea/imgs/info.PNG','MCEdc71d32',NULL),('2022-06-13','13:33:33','/inea/imgs/info.PNG','MCEd1E1ff3',NULL),('2022-06-13','13:33:41','/inea/imgs/info.PNG','MCEd1E1ff3',NULL),('2022-06-13','13:33:59','/inea/imgs/info.PNG','MCB54D0411',NULL),('2022-06-13','13:35:10','/inea/list.html','MCB54431a8',NULL),('2022-06-13','13:35:10','/inea/showhost.htm','MCB54431a8',NULL),('2022-06-13','13:35:13','/inea/imgs/info.PNG','MC1ddBFb6f',NULL),('2022-06-13','13:35:13','/inea/imgs/info.PNG','MC1ddBFb6f',NULL),('2022-06-13','13:35:55','/inea/imgs/info.PNG','MCCb8860c8',NULL),('2022-06-13','13:35:55','/inea/imgs/info.PNG','MCCb8860c8',NULL),('2022-06-13','13:36:20','/inea/imgs/info.PNG','MC3e35De88',NULL),('2022-06-13','13:36:25','/inea/imgs/info.PNG','MCEe0666ec',NULL),('2022-06-13','13:36:31','/inea/imgs/info.PNG','MCEe0666ec',NULL),('2022-06-13','13:36:49','/inea/imgs/info.PNG','MC21133b55',NULL),('2022-06-13','13:36:49','/inea/imgs/info.PNG','MC21133b55',NULL),('2022-06-13','13:37:28','/inea/imgs/info.PNG','MC0237A108',NULL),('2022-06-13','13:37:28','/inea/imgs/info.PNG','MC34fD7e00',NULL),('2022-06-13','13:38:57','/inea/imgs/info.PNG','MCCb8860c8',NULL),('2022-06-13','13:39:07','/inea/imgs/info.PNG','MC21133b55',NULL),('2022-06-13','13:40:20','/inea/imgs/info.PNG','MCEe0666ec',NULL),('2022-06-13','13:40:43','/inea/imgs/info.PNG','MCEe0666ec',NULL),('2022-06-13','13:40:44','/inea/imgs/info.PNG','MCEe0666ec',NULL),('2022-06-13','13:46:01','/technews/imgs/365832824.jpg','JD93d4F449',NULL),('2022-06-13','13:46:52','/technews/imgs/365832824.jpg','JD5d29Ad0a',NULL),('2022-06-13','13:48:04','/technews/imgs/365832824.jpg','JD19dC557f',NULL),('2022-06-13','13:49:25','/inea/list.html','MCFe573976',NULL),('2022-06-13','13:49:25','/inea/showhost.htm','MCFe573976',NULL),('2022-06-13','13:50:28','/inea/imgs/info.PNG','MCFe573976',NULL),('2022-06-13','13:50:28','/inea/imgs/info.PNG','MCFe573976',NULL),('2022-06-13','13:53:42','/inea/imgs/info.PNG','MCA7fEE36a',NULL),('2022-06-13','13:56:39','/inea/imgs/info.PNG','MC3c04Abe3',NULL),('2022-06-13','13:59:21','/inea/imgs/info.PNG','MC0a7B8e12',NULL),('2022-06-13','13:59:23','/inea/imgs/info.PNG','MC0a7B8e12',NULL),('2022-06-13','14:02:31','/technews/imgs/365832824.jpg','JD42a3329c',NULL),('2022-06-13','14:04:44','/inea/imgs/info.PNG','MCEdc71d32',NULL),('2022-06-13','14:13:13','/inea/imgs/info.PNG','MC5e5CEc82',NULL),('2022-06-13','14:13:38','/inea/imgs/info.PNG','MC5e5CEc82',NULL),('2022-06-13','14:13:42','/inea/list.html','MCA0eC69e1',NULL),('2022-06-13','14:13:42','/inea/showhost.htm','MCA0eC69e1',NULL),('2022-06-13','14:13:56','/inea/imgs/info.PNG','MCA0eC69e1',NULL),('2022-06-13','14:14:50','/inea/imgs/info.PNG','MCA0eC69e1',NULL),('2022-06-13','14:15:31','/inea/imgs/info.PNG','MCEdc71d32',NULL),('2022-06-13','14:15:58','/taiwanpay/imgs/btn.PNG','aaasec',NULL),('2022-06-13','14:15:58','/taiwanpay/imgs/taiwanpay.png','aaasec',NULL),('2022-06-13','14:30:15','/inea/imgs/info.PNG','MC0a7B8e12',NULL),('2022-06-13','14:31:47','/shopee/imgs/1_012.PNG','MC0a7B8e12',NULL),('2022-06-13','14:31:47','/shopee/imgs/1_002.PNG','MC0a7B8e12',NULL),('2022-06-13','14:31:47','/shopee/imgs/1_009.PNG','MC0a7B8e12',NULL),('2022-06-13','14:31:47','/shopee/imgs/1_010.PNG','MC0a7B8e12',NULL),('2022-06-13','14:31:47','/shopee/imgs/logo.PNG','MC0a7B8e12',NULL),('2022-06-13','14:31:48','/shopee/imgs/1_005.PNG','MC0a7B8e12',NULL),('2022-06-13','14:31:48','/shopee/imgs/2_006.PNG','MC0a7B8e12',NULL),('2022-06-13','14:31:48','/shopee/imgs/2_007.PNG','MC0a7B8e12',NULL),('2022-06-13','14:31:48','/shopee/imgs/2_011.PNG','MC0a7B8e12',NULL),('2022-06-13','14:31:48','/shopee/imgs/2_004.PNG','MC0a7B8e12',NULL),('2022-06-13','14:31:48','/shopee/imgs/2_009.PNG','MC0a7B8e12',NULL),('2022-06-13','14:31:48','/shopee/imgs/5_001.PNG','MC0a7B8e12',NULL),('2022-06-13','14:31:48','/shopee/imgs/3_012.PNG','MC0a7B8e12',NULL),('2022-06-13','14:31:48','/shopee/imgs/4_004.PNG','MC0a7B8e12',NULL),('2022-06-13','14:31:48','/shopee/imgs/4_008.PNG','MC0a7B8e12',NULL),('2022-06-13','14:31:49','/shopee/imgs/1_003.PNG','MC0a7B8e12',NULL),('2022-06-13','14:31:49','/shopee/imgs/4_009.PNG','MC0a7B8e12',NULL),('2022-06-13','14:31:49','/shopee/imgs/3_003.PNG','MC0a7B8e12',NULL),('2022-06-13','14:31:49','/shopee/imgs/5_012.PNG','MC0a7B8e12',NULL),('2022-06-13','14:32:29','/line/imgs/info.PNG','MC0a7B8e12',NULL),('2022-06-13','14:36:06','/inea/imgs/info.PNG','MC0a7B8e12',NULL),('2022-06-13','14:36:24','/inea/imgs/info.PNG','MC0a7B8e12',NULL),('2022-06-13','14:44:27','/inea/imgs/info.PNG','MCA0eC69e1',NULL),('2022-06-13','14:56:03','/inea/imgs/info.PNG','MC5e5CEc82',NULL),('2022-06-13','15:11:15','/shopee/imgs/1_002.PNG','MC01cAD878',NULL),('2022-06-13','15:11:15','/shopee/imgs/logo.PNG','MC01cAD878',NULL),('2022-06-13','15:11:15','/shopee/imgs/1_009.PNG','MC01cAD878',NULL),('2022-06-13','15:11:15','/shopee/imgs/1_010.PNG','MC01cAD878',NULL),('2022-06-13','15:11:15','/shopee/imgs/1_012.PNG','MC01cAD878',NULL),('2022-06-13','15:11:15','/shopee/imgs/1_003.PNG','MC01cAD878',NULL),('2022-06-13','15:11:15','/shopee/imgs/1_005.PNG','MC01cAD878',NULL),('2022-06-13','15:11:15','/shopee/imgs/2_006.PNG','MC01cAD878',NULL),('2022-06-13','15:11:15','/shopee/imgs/2_007.PNG','MC01cAD878',NULL),('2022-06-13','15:11:15','/shopee/imgs/2_009.PNG','MC01cAD878',NULL),('2022-06-13','15:11:15','/shopee/imgs/2_011.PNG','MC01cAD878',NULL),('2022-06-13','15:11:15','/shopee/imgs/2_004.PNG','MC01cAD878',NULL),('2022-06-13','15:11:15','/shopee/imgs/5_001.PNG','MC01cAD878',NULL),('2022-06-13','15:11:15','/shopee/imgs/3_012.PNG','MC01cAD878',NULL),('2022-06-13','15:11:15','/shopee/imgs/4_004.PNG','MC01cAD878',NULL),('2022-06-13','15:11:15','/shopee/imgs/4_008.PNG','MC01cAD878',NULL),('2022-06-13','15:11:15','/shopee/imgs/4_009.PNG','MC01cAD878',NULL),('2022-06-13','15:11:15','/shopee/imgs/3_003.PNG','MC01cAD878',NULL),('2022-06-13','15:11:15','/shopee/imgs/5_012.PNG','MC01cAD878',NULL),('2022-06-13','15:11:15','/shopee/imgs/1_009.PNG','MC01cAD878',NULL),('2022-06-13','15:11:15','/shopee/imgs/1_010.PNG','MC01cAD878',NULL),('2022-06-13','15:11:15','/shopee/imgs/1_002.PNG','MC01cAD878',NULL),('2022-06-13','15:11:15','/shopee/imgs/1_012.PNG','MC01cAD878',NULL),('2022-06-13','15:11:15','/shopee/imgs/1_003.PNG','MC01cAD878',NULL),('2022-06-13','15:11:15','/shopee/imgs/1_005.PNG','MC01cAD878',NULL),('2022-06-13','15:11:15','/shopee/imgs/2_006.PNG','MC01cAD878',NULL),('2022-06-13','15:11:15','/shopee/imgs/2_007.PNG','MC01cAD878',NULL),('2022-06-13','15:11:15','/shopee/imgs/2_009.PNG','MC01cAD878',NULL),('2022-06-13','15:11:15','/shopee/imgs/2_011.PNG','MC01cAD878',NULL),('2022-06-13','15:11:15','/shopee/imgs/2_004.PNG','MC01cAD878',NULL),('2022-06-13','15:11:15','/shopee/imgs/5_001.PNG','MC01cAD878',NULL),('2022-06-13','15:11:15','/shopee/imgs/3_012.PNG','MC01cAD878',NULL),('2022-06-13','15:11:15','/shopee/imgs/4_004.PNG','MC01cAD878',NULL),('2022-06-13','15:11:15','/shopee/imgs/4_008.PNG','MC01cAD878',NULL),('2022-06-13','15:11:15','/shopee/imgs/4_009.PNG','MC01cAD878',NULL),('2022-06-13','15:11:15','/shopee/imgs/3_003.PNG','MC01cAD878',NULL),('2022-06-13','15:11:15','/shopee/imgs/5_012.PNG','MC01cAD878',NULL),('2022-06-13','15:15:05','/inea/imgs/info.PNG','MC6f6B7594',NULL),('2022-06-13','15:15:05','/inea/imgs/info.PNG','MC6f6B7594',NULL),('2022-06-13','15:15:44','/inea/imgs/info.PNG','MC6f6B7594',NULL),('2022-06-13','15:16:45','/technews/imgs/365832824.jpg','JDA03E562b',NULL),('2022-06-13','15:18:43','/technews/imgs/365832824.jpg','JD51f56155',NULL),('2022-06-13','15:26:53','/technews/imgs/365832824.jpg','JD5d29Ad0a',NULL),('2022-06-13','15:32:04','/technews/imgs/365832824.jpg','JD5d29Ad0a',NULL),('2022-06-13','15:39:06','/inea/imgs/info.PNG','MC6f6B7594',NULL),('2022-06-13','15:39:10','/inea/imgs/info.PNG','MC6f6B7594',NULL),('2022-06-13','15:39:57','/pchome/imgs/logo.png','YC2252Ea08',NULL),('2022-06-13','15:45:25','/inea/imgs/info.PNG','MC6f6B7594',NULL),('2022-06-13','15:48:56','/technews/imgs/365832824.jpg','JDE585B19f',NULL),('2022-06-13','15:51:15','/inea/imgs/info.PNG','MC88f3Eec9',NULL),('2022-06-13','15:54:12','/inea/imgs/info.PNG','MC88f3Eec9',NULL),('2022-06-13','15:56:57','/inea/imgs/info.PNG','MC88f3Eec9',NULL),('2022-06-13','15:59:25','/line/imgs/info.PNG','MC9da8A4b7',NULL),('2022-06-13','16:06:05','/inea/imgs/info.PNG','MCEd0A3c87',NULL),('2022-06-13','16:07:05','/inea/imgs/info.PNG','AAASEC',NULL),('2022-06-13','16:13:32','/ecpay/imgs/ecpay.png','AAASEC',NULL),('2022-06-13','16:13:33','/ecpay/help_center.html','AAASEC',NULL),('2022-06-13','16:13:33','/ecpay/showhost.htm','AAASEC',NULL),('2022-06-13','16:13:45','/ecpay/imgs/ecpay.png','AAASEC',NULL),('2022-06-13','16:13:59','/ecpay/imgs/ecpay.png','AAASEC',NULL),('2022-06-13','16:14:05','/ecpay/imgs/ecpay.png','AAASEC',NULL),('2022-06-13','16:14:17','/ecpay/imgs/ecpay.png','AAASEC',NULL),('2022-06-13','16:15:24','/ecpay/help_center.html','AAASEC',NULL),('2022-06-13','16:16:10','/ecpay/imgs/ecpay.png','AAASEC',NULL),('2022-06-13','16:16:33','/ecpay/imgs/ecpay.png','AAASEC',NULL),('2022-06-13','16:16:58','/ecpay/imgs/ecpay.png','AAASEC',NULL),('2022-06-13','16:19:08','/ecpay/help_center.html','ECyZ2J19EA',NULL),('2022-06-13','16:19:09','/ecpay/showhost.htm','ECyZ2J19EA',NULL),('2022-06-13','16:25:22','/inea/imgs/info.PNG','MC3c04Abe3',NULL),('2022-06-13','16:29:12','/inea/imgs/info.PNG','MC2beA4df8',NULL),('2022-06-13','16:29:12','/inea/imgs/info.PNG','MC2beA4df8',NULL),('2022-06-13','16:30:22','/inea/imgs/info.PNG','MC67bD629e',NULL),('2022-06-13','16:32:26','/inea/imgs/info.PNG','MCC9a60ef7',NULL),('2022-06-13','16:32:26','/inea/imgs/info.PNG','MCC9a60ef7',NULL),('2022-06-13','16:32:50','/inea/imgs/info.PNG','MCB5b545e4',NULL),('2022-06-13','16:33:39','/inea/list.html','MC2beA4df8',NULL),('2022-06-13','16:33:39','/inea/showhost.htm','MC2beA4df8',NULL),('2022-06-13','16:34:16','/inea/imgs/info.PNG','MCC9a60ef7',NULL),('2022-06-13','16:35:22','/ecpay/help_center.html','EC2Frxj6vZ',NULL),('2022-06-13','16:35:22','/ecpay/showhost.htm','EC2Frxj6vZ',NULL),('2022-06-13','16:36:44','/inea/imgs/info.PNG','MC21133b55',NULL),('2022-06-13','16:41:06','/inea/imgs/info.PNG','MCEd4A3755',NULL),('2022-06-13','16:45:49','/technews/imgs/365832824.jpg','JD2ecE48ee',NULL),('2022-06-13','16:45:57','/technews/news.html','JD2ecE48ee',NULL),('2022-06-13','16:45:57','/technews/showhost.htm','JD2ecE48ee',NULL),('2022-06-13','16:58:43','/inea/imgs/info.PNG','MCE9bAE05e',NULL),('2022-06-13','16:58:59','/inea/imgs/info.PNG','MCE9bAE05e',NULL),('2022-06-13','16:59:03','/inea/imgs/info.PNG','MCE9bAE05e',NULL),('2022-06-13','16:59:37','/udn/showhost.htm','',NULL),('2022-06-13','17:08:50','/inea/imgs/info.PNG','MCC9a60ef7',NULL),('2022-06-13','17:09:13','/inea/list.html','MCC9a60ef7',NULL),('2022-06-13','17:09:13','/inea/showhost.htm','MCC9a60ef7',NULL),('2022-06-13','17:09:31','/inea/list.html','MCC9a60ef7',NULL),('2022-06-13','17:10:07','/netflix/showhost.htm','',NULL),('2022-06-13','17:16:35','/udn/showhost.htm','',NULL),('2022-06-13','17:31:48','/inea/imgs/info.PNG','MC0a7B8e12',NULL),('2022-06-13','17:35:11','/udn/imgs/title.jpg','FCA01G01824',NULL),('2022-06-13','17:35:11','/udn/imgs/title.jpg','FCA01G01824',NULL),('2022-06-13','17:35:26','/udn/6298358.html','FCA01G01824',NULL),('2022-06-13','17:35:26','/udn/showhost.htm','FCA01G01824',NULL),('2022-07-20','13:46:26','/famistore/showhost.htm','',NULL),('2022-07-20','13:55:16','/famistore/showhost.htm','',NULL),('2022-07-20','13:57:28','/famistore/showhost.htm','',NULL),('2022-07-20','13:59:49','/famistore/showhost.htm','',NULL),('2022-07-20','14:00:51','/zenique/imgs/moonfes5.jpeg','AAASEC',NULL),('2022-07-20','14:00:51','/zenique/imgs/moonfes8.jpeg','AAASEC',NULL),('2022-07-20','14:00:51','/zenique/imgs/moonfes9.jpeg','AAASEC',NULL),('2022-07-20','14:00:51','/zenique/imgs/moonfes7.jpeg','AAASEC',NULL),('2022-07-20','14:00:51','/zenique/imgs/moonfes6.jpeg','AAASEC',NULL),('2022-07-20','14:00:51','/zenique/imgs/moonfes1.jpeg','AAASEC',NULL),('2022-07-20','14:00:51','/zenique/imgs/moonfes3.jpeg','AAASEC',NULL),('2022-07-20','14:00:51','/zenique/imgs/moonfes4.jpeg','AAASEC',NULL),('2022-07-20','14:00:51','/zenique/imgs/title.jpeg','AAASEC',NULL),('2022-07-20','14:00:51','/zenique/imgs/moonfes2.jpeg','AAASEC',NULL),('2022-07-20','14:00:52','/zenique/event.html','AAASEC',NULL),('2022-07-20','14:00:52','/zenique/showhost.htm','AAASEC',NULL),('2022-07-20','14:02:12','/zenique/imgs/title.jpeg','AAASEC',NULL),('2022-07-20','14:02:12','/zenique/imgs/moonfes1.jpeg','AAASEC',NULL),('2022-07-20','14:02:12','/zenique/imgs/moonfes2.jpeg','AAASEC',NULL),('2022-07-20','14:02:12','/zenique/imgs/moonfes3.jpeg','AAASEC',NULL),('2022-07-20','14:02:12','/zenique/imgs/moonfes4.jpeg','AAASEC',NULL),('2022-07-20','14:02:12','/zenique/imgs/moonfes5.jpeg','AAASEC',NULL),('2022-07-20','14:02:12','/zenique/imgs/moonfes6.jpeg','AAASEC',NULL),('2022-07-20','14:02:12','/zenique/imgs/moonfes7.jpeg','AAASEC',NULL),('2022-07-20','14:02:12','/zenique/imgs/moonfes8.jpeg','AAASEC',NULL),('2022-07-20','14:02:12','/zenique/imgs/moonfes9.jpeg','AAASEC',NULL),('2022-07-20','14:02:15','/zenique/imgs/title.jpeg','AAASEC',NULL),('2022-07-20','14:02:15','/zenique/imgs/moonfes1.jpeg','AAASEC',NULL),('2022-07-20','14:02:15','/zenique/imgs/moonfes2.jpeg','AAASEC',NULL),('2022-07-20','14:02:15','/zenique/imgs/moonfes4.jpeg','AAASEC',NULL),('2022-07-20','14:02:15','/zenique/imgs/moonfes8.jpeg','AAASEC',NULL),('2022-07-20','14:02:15','/zenique/imgs/moonfes3.jpeg','AAASEC',NULL),('2022-07-20','14:02:15','/zenique/imgs/moonfes7.jpeg','AAASEC',NULL),('2022-07-20','14:02:15','/zenique/imgs/moonfes9.jpeg','AAASEC',NULL),('2022-07-20','14:02:15','/zenique/imgs/moonfes6.jpeg','AAASEC',NULL),('2022-07-20','14:02:15','/zenique/imgs/moonfes5.jpeg','AAASEC',NULL),('2022-07-20','14:02:15','/zenique/imgs/title.jpeg','AAASEC',NULL),('2022-07-20','14:02:15','/zenique/imgs/moonfes1.jpeg','AAASEC',NULL),('2022-07-20','14:02:15','/zenique/imgs/moonfes2.jpeg','AAASEC',NULL),('2022-07-20','14:02:15','/zenique/imgs/moonfes3.jpeg','AAASEC',NULL),('2022-07-20','14:02:15','/zenique/imgs/moonfes4.jpeg','AAASEC',NULL),('2022-07-20','14:02:15','/zenique/imgs/moonfes5.jpeg','AAASEC',NULL),('2022-07-20','14:02:15','/zenique/imgs/moonfes6.jpeg','AAASEC',NULL),('2022-07-20','14:02:15','/zenique/imgs/moonfes7.jpeg','AAASEC',NULL),('2022-07-20','14:02:15','/zenique/imgs/moonfes8.jpeg','AAASEC',NULL),('2022-07-20','14:02:15','/zenique/imgs/moonfes9.jpeg','AAASEC',NULL),('2022-07-20','14:02:51','/zenique/imgs/title.jpeg','AAASEC',NULL),('2022-07-20','14:02:51','/zenique/imgs/moonfes1.jpeg','AAASEC',NULL),('2022-07-20','14:02:51','/zenique/imgs/moonfes2.jpeg','AAASEC',NULL),('2022-07-20','14:02:51','/zenique/imgs/moonfes3.jpeg','AAASEC',NULL),('2022-07-20','14:02:51','/zenique/imgs/moonfes4.jpeg','AAASEC',NULL),('2022-07-20','14:02:51','/zenique/imgs/moonfes5.jpeg','AAASEC',NULL),('2022-07-20','14:02:51','/zenique/imgs/moonfes6.jpeg','AAASEC',NULL),('2022-07-20','14:02:51','/zenique/imgs/moonfes7.jpeg','AAASEC',NULL),('2022-07-20','14:02:51','/zenique/imgs/moonfes8.jpeg','AAASEC',NULL),('2022-07-20','14:02:51','/zenique/imgs/moonfes9.jpeg','AAASEC',NULL),('2022-07-20','14:02:51','/zenique/imgs/title.jpeg','AAASEC',NULL),('2022-07-20','14:02:51','/zenique/imgs/moonfes1.jpeg','AAASEC',NULL),('2022-07-20','14:02:51','/zenique/imgs/moonfes2.jpeg','AAASEC',NULL),('2022-07-20','14:02:51','/zenique/imgs/moonfes3.jpeg','AAASEC',NULL),('2022-07-20','14:02:51','/zenique/imgs/moonfes4.jpeg','AAASEC',NULL),('2022-07-20','14:02:51','/zenique/imgs/moonfes5.jpeg','AAASEC',NULL),('2022-07-20','14:02:51','/zenique/imgs/moonfes6.jpeg','AAASEC',NULL),('2022-07-20','14:02:51','/zenique/imgs/moonfes7.jpeg','AAASEC',NULL),('2022-07-20','14:02:51','/zenique/imgs/moonfes8.jpeg','AAASEC',NULL),('2022-07-20','14:02:51','/zenique/imgs/moonfes9.jpeg','AAASEC',NULL),('2022-07-20','14:02:57','/zenique/imgs/title.jpeg','AAASEC',NULL),('2022-07-20','14:02:57','/zenique/imgs/moonfes1.jpeg','AAASEC',NULL),('2022-07-20','14:02:57','/zenique/imgs/moonfes2.jpeg','AAASEC',NULL),('2022-07-20','14:02:57','/zenique/imgs/moonfes3.jpeg','AAASEC',NULL),('2022-07-20','14:02:57','/zenique/imgs/moonfes4.jpeg','AAASEC',NULL),('2022-07-20','14:02:57','/zenique/imgs/moonfes5.jpeg','AAASEC',NULL),('2022-07-20','14:02:57','/zenique/imgs/moonfes6.jpeg','AAASEC',NULL),('2022-07-20','14:02:57','/zenique/imgs/moonfes7.jpeg','AAASEC',NULL),('2022-07-20','14:02:57','/zenique/imgs/moonfes8.jpeg','AAASEC',NULL),('2022-07-20','14:02:57','/zenique/imgs/moonfes9.jpeg','AAASEC',NULL),('2022-07-20','14:03:22','/famistore/imgs/famistore.png','AAASEC',NULL),('2022-07-20','14:03:23','/famistore/contact.html','AAASEC',NULL),('2022-07-20','14:03:23','/famistore/showhost.htm','AAASEC',NULL),('2022-07-20','14:04:05','/famistore/imgs/famistore.png','AAASEC',NULL),('2022-07-20','14:04:20','/famistore/imgs/famistore.png','AAASEC',NULL),('2022-07-20','14:04:59','/famistore/imgs/famistore.png','AAASEC',NULL),('2022-07-20','14:06:54','/zenique/imgs/title.jpeg','AAASEC',NULL),('2022-07-20','14:06:54','/zenique/imgs/moonfes1.jpeg','AAASEC',NULL),('2022-07-20','14:06:54','/zenique/imgs/moonfes2.jpeg','AAASEC',NULL),('2022-07-20','14:06:54','/zenique/imgs/moonfes3.jpeg','AAASEC',NULL),('2022-07-20','14:06:54','/zenique/imgs/moonfes4.jpeg','AAASEC',NULL),('2022-07-20','14:06:54','/zenique/imgs/moonfes5.jpeg','AAASEC',NULL),('2022-07-20','14:06:54','/zenique/imgs/moonfes6.jpeg','AAASEC',NULL),('2022-07-20','14:06:54','/zenique/imgs/moonfes7.jpeg','AAASEC',NULL),('2022-07-20','14:06:54','/zenique/imgs/moonfes8.jpeg','AAASEC',NULL),('2022-07-20','14:06:54','/zenique/imgs/moonfes9.jpeg','AAASEC',NULL),('2022-07-20','14:09:08','/zenique/imgs/title.jpeg','AAASEC',NULL),('2022-07-20','14:09:08','/zenique/imgs/moonfes1.jpeg','AAASEC',NULL),('2022-07-20','14:09:08','/zenique/imgs/moonfes2.jpeg','AAASEC',NULL),('2022-07-20','14:09:08','/zenique/imgs/moonfes3.jpeg','AAASEC',NULL),('2022-07-20','14:09:08','/zenique/imgs/moonfes4.jpeg','AAASEC',NULL),('2022-07-20','14:09:08','/zenique/imgs/moonfes5.jpeg','AAASEC',NULL),('2022-07-20','14:09:08','/zenique/imgs/moonfes6.jpeg','AAASEC',NULL),('2022-07-20','14:09:08','/zenique/imgs/moonfes7.jpeg','AAASEC',NULL),('2022-07-20','14:09:08','/zenique/imgs/moonfes8.jpeg','AAASEC',NULL),('2022-07-20','14:09:08','/zenique/imgs/moonfes9.jpeg','AAASEC',NULL),('2022-07-20','14:09:44','/famistore/imgs/famistore.png','AAASEC',NULL),('2022-07-20','14:12:53','/famistore/imgs/famistore.png','AAASEC',NULL),('2022-07-20','14:12:57','/famistore/imgs/famistore.png','AAASEC',NULL),('2022-07-20','14:13:17','/zenique/imgs/moonfes1.jpeg','AAASEC',NULL),('2022-07-20','14:13:17','/zenique/imgs/title.jpeg','AAASEC',NULL),('2022-07-20','14:13:17','/zenique/imgs/moonfes2.jpeg','AAASEC',NULL),('2022-07-20','14:13:17','/zenique/imgs/moonfes3.jpeg','AAASEC',NULL),('2022-07-20','14:13:17','/zenique/imgs/moonfes4.jpeg','AAASEC',NULL),('2022-07-20','14:13:17','/zenique/imgs/moonfes5.jpeg','AAASEC',NULL),('2022-07-20','14:13:17','/zenique/imgs/moonfes6.jpeg','AAASEC',NULL),('2022-07-20','14:13:17','/zenique/imgs/moonfes7.jpeg','AAASEC',NULL),('2022-07-20','14:13:17','/zenique/imgs/moonfes8.jpeg','AAASEC',NULL),('2022-07-20','14:13:17','/zenique/imgs/moonfes9.jpeg','AAASEC',NULL),('2022-07-20','14:16:45','/zenique/imgs/title.jpeg','AAASEC',NULL),('2022-07-20','14:16:45','/zenique/imgs/moonfes1.jpeg','AAASEC',NULL),('2022-07-20','14:16:45','/zenique/imgs/moonfes2.jpeg','AAASEC',NULL),('2022-07-20','14:16:45','/zenique/imgs/moonfes4.jpeg','AAASEC',NULL),('2022-07-20','14:16:45','/zenique/imgs/moonfes3.jpeg','AAASEC',NULL),('2022-07-20','14:16:45','/zenique/imgs/moonfes5.jpeg','AAASEC',NULL),('2022-07-20','14:16:45','/zenique/imgs/moonfes6.jpeg','AAASEC',NULL),('2022-07-20','14:16:45','/zenique/imgs/moonfes7.jpeg','AAASEC',NULL),('2022-07-20','14:16:45','/zenique/imgs/moonfes8.jpeg','AAASEC',NULL),('2022-07-20','14:16:45','/zenique/imgs/moonfes9.jpeg','AAASEC',NULL),('2022-07-20','14:18:39','/famistore/imgs/famistore.png','AAASEC',NULL),('2022-07-20','14:18:40','/famistore/contact.html','AAASEC',NULL),('2022-07-20','14:32:18','/bitcoin/showhost.htm','',NULL),('2022-07-20','14:32:41','/bitcoin/showhost.htm','',NULL),('2022-07-20','14:34:59','/iecs/bitcoin/showhost.htm','',NULL),('2022-07-20','14:41:02','/iecs/facebook/showhost.htm','',NULL),('2022-07-20','14:43:03','/iecs/netflix/showhost.htm','',NULL),('2022-07-20','14:44:47','/iecs/pchome/showhost.htm','',NULL),('2022-07-20','14:56:56','/iecs/shopee/showhost.htm','',NULL),('2022-07-20','14:57:33','/iecs/star/showhost.htm','',NULL),('2022-07-20','14:58:07','/iecs/technews/showhost.htm','',NULL),('2022-07-20','14:58:50','/iecs/zenique/showhost.htm','',NULL),('2022-07-20','14:59:46','/iecs/famistore/showhost.htm','',NULL),('2022-07-20','14:59:57','/zenique/imgs/title.jpeg','AAASEC',NULL),('2022-07-20','14:59:57','/zenique/imgs/moonfes1.jpeg','AAASEC',NULL),('2022-07-20','14:59:57','/zenique/imgs/moonfes2.jpeg','AAASEC',NULL),('2022-07-20','14:59:57','/zenique/imgs/moonfes3.jpeg','AAASEC',NULL),('2022-07-20','14:59:57','/zenique/imgs/moonfes4.jpeg','AAASEC',NULL),('2022-07-20','14:59:57','/zenique/imgs/moonfes5.jpeg','AAASEC',NULL),('2022-07-20','14:59:57','/zenique/imgs/moonfes6.jpeg','AAASEC',NULL),('2022-07-20','14:59:57','/zenique/imgs/moonfes7.jpeg','AAASEC',NULL),('2022-07-20','14:59:57','/zenique/imgs/moonfes8.jpeg','AAASEC',NULL),('2022-07-20','14:59:57','/zenique/imgs/moonfes9.jpeg','AAASEC',NULL),('2022-07-20','15:00:02','/famistore/imgs/famistore.png','AAASEC',NULL),('2022-07-20','15:00:08','/famistore/imgs/famistore.png','AAASEC',NULL),('2022-07-20','15:04:09','/famistore/contact.html','AAASEC',NULL),('2022-07-20','15:04:24','/zenique/imgs/title.jpeg','AAASEC',NULL),('2022-07-20','15:04:24','/zenique/imgs/moonfes1.jpeg','AAASEC',NULL),('2022-07-20','15:04:24','/zenique/imgs/moonfes2.jpeg','AAASEC',NULL),('2022-07-20','15:04:24','/zenique/imgs/moonfes3.jpeg','AAASEC',NULL),('2022-07-20','15:04:24','/zenique/imgs/moonfes4.jpeg','AAASEC',NULL),('2022-07-20','15:04:24','/zenique/imgs/moonfes5.jpeg','AAASEC',NULL),('2022-07-20','15:04:24','/zenique/imgs/moonfes6.jpeg','AAASEC',NULL),('2022-07-20','15:04:24','/zenique/imgs/moonfes7.jpeg','AAASEC',NULL),('2022-07-20','15:04:24','/zenique/imgs/moonfes8.jpeg','AAASEC',NULL),('2022-07-20','15:04:24','/zenique/imgs/moonfes9.jpeg','AAASEC',NULL),('2022-07-20','15:04:25','/zenique/event.html','AAASEC',NULL),('2022-07-20','15:19:52','/ifeng/showhost.htm','',NULL),('2022-07-20','15:20:04','/newqq/showhost.htm','',NULL),('2022-07-20','15:26:05','/iecs/bitcoin/showhost.htm','',NULL),('2022-07-20','15:26:05','/iecs/bitcoin/showhost.htm','',NULL),('2022-07-20','15:28:19','/iecs/facebook/showhost.htm','',NULL),('2022-07-20','15:28:19','/iecs/facebook/showhost.htm','',NULL),('2022-07-20','15:29:14','/iecs/famistore/showhost.htm','',NULL),('2022-07-20','15:29:14','/iecs/famistore/showhost.htm','',NULL),('2022-07-20','15:31:05','/iecs/zenique/showhost.htm','',NULL),('2022-07-20','15:31:05','/iecs/zenique/showhost.htm','',NULL),('2022-07-20','15:32:13','/iecs/technews/showhost.htm','',NULL),('2022-07-20','15:32:15','/iecs/technews/showhost.htm','',NULL),('2022-07-20','15:32:20','/iecs/technews/showhost.htm','',NULL),('2022-07-20','15:32:23','/gwsst/showhost.htm','',NULL),('2022-07-20','15:33:54','/tmall/showhost.htm','',NULL),('2022-07-20','15:38:41','/baidu/showhost.htm','',NULL),('2022-07-20','15:42:40','/iecs/facebook/showhost.htm','',NULL),('2022-07-20','16:07:42','/zenique/imgs/title.jpeg','AAASEC',NULL),('2022-07-20','16:07:42','/zenique/imgs/moonfes1.jpeg','AAASEC',NULL),('2022-07-20','16:07:42','/zenique/imgs/moonfes2.jpeg','AAASEC',NULL),('2022-07-20','16:07:42','/zenique/imgs/moonfes3.jpeg','AAASEC',NULL),('2022-07-20','16:07:42','/zenique/imgs/moonfes4.jpeg','AAASEC',NULL),('2022-07-20','16:07:42','/zenique/imgs/moonfes5.jpeg','AAASEC',NULL),('2022-07-20','16:07:42','/zenique/imgs/moonfes6.jpeg','AAASEC',NULL),('2022-07-20','16:07:42','/zenique/imgs/moonfes7.jpeg','AAASEC',NULL),('2022-07-20','16:07:42','/zenique/imgs/moonfes8.jpeg','AAASEC',NULL),('2022-07-20','16:07:42','/zenique/imgs/moonfes9.jpeg','AAASEC',NULL),('2022-07-20','16:07:45','/gwsst/imgs/notice.png','AAASEC',NULL),('2022-07-20','16:07:47','/gwsst/form.html','AAASEC',NULL),('2022-07-20','16:07:47','/gwsst/showhost.htm','AAASEC',NULL),('2022-07-20','16:09:22','/gwsst/imgs/notice.png','AAASEC',NULL),('2022-07-20','16:09:42','/gwsst/form.html','AAASEC',NULL),('2022-07-20','16:09:42','/gwsst/showhost.htm','AAASEC',NULL),('2022-07-20','16:10:12','/newqq/imgs/market.png','AAASEC',NULL),('2022-07-20','16:10:12','/newqq/imgs/chart.png','AAASEC',NULL),('2022-07-20','16:10:12','/newqq/imgs/price.png','AAASEC',NULL),('2022-07-20','16:10:12','/newqq/imgs/bar.png','AAASEC',NULL),('2022-07-20','16:10:14','/newqq/news.html','AAASEC',NULL),('2022-07-20','16:10:14','/newqq/showhost.htm','AAASEC',NULL),('2022-07-20','16:10:23','/ifeng/imgs/nav.png','AAASEC',NULL),('2022-07-20','16:10:23','/ifeng/imgs/top10.png','AAASEC',NULL),('2022-07-20','16:10:23','/ifeng/imgs/phone.png','AAASEC',NULL),('2022-07-20','16:10:23','/ifeng/imgs/rate.png','AAASEC',NULL),('2022-07-20','16:10:23','/ifeng/imgs/5g.png','AAASEC',NULL),('2022-07-20','16:10:23','/ifeng/imgs/iphone.png','AAASEC',NULL),('2022-07-20','16:10:24','/ifeng/vid.html','AAASEC',NULL),('2022-07-20','16:10:24','/ifeng/showhost.htm','AAASEC',NULL),('2022-07-20','16:10:29','/newqq/imgs/market.png','AAASEC',NULL),('2022-07-20','16:10:29','/newqq/imgs/price.png','AAASEC',NULL),('2022-07-20','16:10:29','/newqq/imgs/chart.png','AAASEC',NULL),('2022-07-20','16:10:29','/newqq/imgs/bar.png','AAASEC',NULL),('2022-07-20','16:13:27','/ifeng/imgs/nav.png','AAASEC',NULL),('2022-07-20','16:13:27','/ifeng/imgs/iphone.png','AAASEC',NULL),('2022-07-20','16:13:27','/ifeng/imgs/rate.png','AAASEC',NULL),('2022-07-20','16:13:27','/ifeng/imgs/top10.png','AAASEC',NULL),('2022-07-20','16:13:27','/ifeng/imgs/5g.png','AAASEC',NULL),('2022-07-20','16:13:27','/ifeng/imgs/phone.png','AAASEC',NULL),('2022-07-20','16:13:47','/baidu/imgs/baidu.png','AAASEC',NULL),('2022-07-20','16:13:49','/baidu/login.html','AAASEC',NULL),('2022-07-20','16:13:49','/baidu/showhost.htm','AAASEC',NULL),('2022-07-20','16:14:31','/tmall/imgs/logo.PNG','AAASEC',NULL),('2022-07-20','16:14:31','/tmall/imgs/tmall_2qh6u_002.PNG','AAASEC',NULL),('2022-07-20','16:14:31','/tmall/imgs/tmall_2qh6u_003.PNG','AAASEC',NULL),('2022-07-20','16:14:31','/tmall/imgs/tmall_2qh6u_008.PNG','AAASEC',NULL),('2022-07-20','16:14:31','/tmall/imgs/tmall_2qh6u_001.PNG','AAASEC',NULL),('2022-07-20','16:14:31','/tmall/imgs/tmall_2qh6u_010.PNG','AAASEC',NULL),('2022-07-20','16:14:31','/tmall/imgs/tmall_2qh6u_007.PNG','AAASEC',NULL),('2022-07-20','16:14:31','/tmall/imgs/tmall_2qh6u_004.PNG','AAASEC',NULL),('2022-07-20','16:14:31','/tmall/imgs/tmall_2qh6u_009.PNG','AAASEC',NULL),('2022-07-20','16:14:31','/tmall/imgs/tmall_2qh6u_006.PNG','AAASEC',NULL),('2022-07-20','16:14:31','/tmall/imgs/tmall_2qh6u_005.PNG','AAASEC',NULL),('2022-07-20','16:16:35','/gwsst/imgs/notice.png','AAASEC',NULL),('2022-07-20','16:20:48','/gwsst/imgs/notice.png','AAASEC',NULL),('2022-07-20','16:20:57','/gwsst/form.html','AAASEC',NULL),('2022-07-20','16:21:04','/baidu/imgs/baidu.png','AAASEC',NULL),('2022-07-20','16:21:06','/baidu/login.html','AAASEC',NULL),('2022-07-20','16:21:09','/gwsst/imgs/notice.png','AAASEC',NULL),('2022-07-20','16:21:14','/ifeng/imgs/nav.png','AAASEC',NULL),('2022-07-20','16:21:14','/ifeng/imgs/iphone.png','AAASEC',NULL),('2022-07-20','16:21:14','/ifeng/imgs/rate.png','AAASEC',NULL),('2022-07-20','16:21:14','/ifeng/imgs/top10.png','AAASEC',NULL),('2022-07-20','16:21:14','/ifeng/imgs/5g.png','AAASEC',NULL),('2022-07-20','16:21:14','/ifeng/imgs/phone.png','AAASEC',NULL),('2022-07-20','16:21:21','/ifeng/imgs/nav.png','AAASEC',NULL),('2022-07-20','16:21:21','/ifeng/imgs/5g.png','AAASEC',NULL),('2022-07-20','16:21:21','/ifeng/imgs/top10.png','AAASEC',NULL),('2022-07-20','16:21:21','/ifeng/imgs/phone.png','AAASEC',NULL),('2022-07-20','16:21:21','/ifeng/imgs/rate.png','AAASEC',NULL),('2022-07-20','16:21:21','/ifeng/imgs/iphone.png','AAASEC',NULL),('2022-07-20','16:21:25','/newqq/news.html','AAASEC',NULL),('2022-07-20','16:21:30','/tmall/imgs/logo.PNG','AAASEC',NULL),('2022-07-20','16:21:30','/tmall/imgs/tmall_2qh6u_001.PNG','AAASEC',NULL),('2022-07-20','16:21:30','/tmall/imgs/tmall_2qh6u_002.PNG','AAASEC',NULL),('2022-07-20','16:21:30','/tmall/imgs/tmall_2qh6u_003.PNG','AAASEC',NULL),('2022-07-20','16:21:30','/tmall/imgs/tmall_2qh6u_004.PNG','AAASEC',NULL),('2022-07-20','16:21:30','/tmall/imgs/tmall_2qh6u_005.PNG','AAASEC',NULL),('2022-07-20','16:21:30','/tmall/imgs/tmall_2qh6u_006.PNG','AAASEC',NULL),('2022-07-20','16:21:30','/tmall/imgs/tmall_2qh6u_007.PNG','AAASEC',NULL),('2022-07-20','16:21:30','/tmall/imgs/tmall_2qh6u_008.PNG','AAASEC',NULL),('2022-07-20','16:21:30','/tmall/imgs/tmall_2qh6u_009.PNG','AAASEC',NULL),('2022-07-20','16:21:30','/tmall/imgs/tmall_2qh6u_010.PNG','AAASEC',NULL),('2022-07-20','16:21:30','/tmall/imgs/tmall_2qh6u_003.PNG','AAASEC',NULL),('2022-07-20','16:21:30','/tmall/imgs/tmall_2qh6u_004.PNG','AAASEC',NULL),('2022-07-20','16:21:30','/tmall/imgs/tmall_2qh6u_005.PNG','AAASEC',NULL),('2022-07-20','16:21:30','/tmall/imgs/tmall_2qh6u_006.PNG','AAASEC',NULL),('2022-07-20','16:21:30','/tmall/imgs/tmall_2qh6u_007.PNG','AAASEC',NULL),('2022-07-20','16:21:30','/tmall/imgs/tmall_2qh6u_008.PNG','AAASEC',NULL),('2022-07-20','16:21:30','/tmall/imgs/tmall_2qh6u_009.PNG','AAASEC',NULL),('2022-07-20','16:21:30','/tmall/imgs/tmall_2qh6u_010.PNG','AAASEC',NULL),('2022-07-20','16:21:35','/tmall/home.html','AAASEC',NULL),('2022-07-20','16:21:35','/tmall/showhost.htm','AAASEC',NULL),('2022-07-20','16:32:11','/tmall/imgs/logo.PNG','AAASEC',NULL),('2022-07-20','16:32:11','/tmall/imgs/tmall_2qh6u_001.PNG','AAASEC',NULL),('2022-07-20','16:32:11','/tmall/imgs/tmall_2qh6u_003.PNG','AAASEC',NULL),('2022-07-20','16:32:11','/tmall/imgs/tmall_2qh6u_008.PNG','AAASEC',NULL),('2022-07-20','16:32:11','/tmall/imgs/tmall_2qh6u_009.PNG','AAASEC',NULL),('2022-07-20','16:32:11','/tmall/imgs/tmall_2qh6u_010.PNG','AAASEC',NULL),('2022-07-20','16:32:11','/tmall/imgs/tmall_2qh6u_021.PNG','AAASEC',NULL),('2022-07-20','16:32:11','/tmall/imgs/tmall_2qh6u_024.PNG','AAASEC',NULL),('2022-07-20','16:32:11','/tmall/imgs/tmall_2qh6u_023.PNG','AAASEC',NULL),('2022-07-20','16:32:11','/tmall/imgs/tmall_2qh6u_022.PNG','AAASEC',NULL),('2022-07-20','16:32:11','/tmall/imgs/tmall_2qh6u_025.PNG','AAASEC',NULL),('2022-07-20','16:33:47','/tmall/imgs/logo.PNG','AAASEC',NULL),('2022-07-20','16:33:47','/tmall/imgs/tmall_2qh6u_001.PNG','AAASEC',NULL),('2022-07-20','16:33:47','/tmall/imgs/tmall_2qh6u_021.PNG','AAASEC',NULL),('2022-07-20','16:33:47','/tmall/imgs/tmall_2qh6u_003.PNG','AAASEC',NULL),('2022-07-20','16:33:47','/tmall/imgs/tmall_2qh6u_022.PNG','AAASEC',NULL),('2022-07-20','16:33:47','/tmall/imgs/tmall_2qh6u_023.PNG','AAASEC',NULL),('2022-07-20','16:33:47','/tmall/imgs/tmall_2qh6u_008.PNG','AAASEC',NULL),('2022-07-20','16:33:47','/tmall/imgs/tmall_2qh6u_024.PNG','AAASEC',NULL),('2022-07-20','16:33:47','/tmall/imgs/tmall_2qh6u_009.PNG','AAASEC',NULL),('2022-07-20','16:33:47','/tmall/imgs/tmall_2qh6u_010.PNG','AAASEC',NULL),('2022-07-20','16:33:47','/tmall/imgs/tmall_2qh6u_025.PNG','AAASEC',NULL),('2022-07-20','16:33:47','/tmall/imgs/tmall_2qh6u_001.PNG','AAASEC',NULL),('2022-07-20','16:33:47','/tmall/imgs/tmall_2qh6u_003.PNG','AAASEC',NULL),('2022-07-20','16:33:47','/tmall/imgs/logo.PNG','AAASEC',NULL),('2022-07-20','16:33:47','/tmall/imgs/tmall_2qh6u_023.PNG','AAASEC',NULL),('2022-07-20','16:33:47','/tmall/imgs/tmall_2qh6u_024.PNG','AAASEC',NULL),('2022-07-20','16:33:47','/tmall/imgs/tmall_2qh6u_022.PNG','AAASEC',NULL),('2022-07-20','16:33:47','/tmall/imgs/tmall_2qh6u_008.PNG','AAASEC',NULL),('2022-07-20','16:33:47','/tmall/imgs/tmall_2qh6u_009.PNG','AAASEC',NULL),('2022-07-20','16:33:47','/tmall/imgs/tmall_2qh6u_025.PNG','AAASEC',NULL),('2022-07-20','16:33:47','/tmall/imgs/tmall_2qh6u_010.PNG','AAASEC',NULL),('2022-07-20','16:33:47','/tmall/imgs/tmall_2qh6u_021.PNG','AAASEC',NULL),('2022-07-20','16:34:55','/tmall/imgs/logo.PNG','AAASEC',NULL),('2022-07-20','16:34:55','/tmall/imgs/tmall_2qh6u_001.PNG','AAASEC',NULL),('2022-07-20','16:34:55','/tmall/imgs/tmall_2qh6u_021.PNG','AAASEC',NULL),('2022-07-20','16:34:55','/tmall/imgs/tmall_2qh6u_003.PNG','AAASEC',NULL),('2022-07-20','16:34:55','/tmall/imgs/tmall_2qh6u_022.PNG','AAASEC',NULL),('2022-07-20','16:34:55','/tmall/imgs/tmall_2qh6u_023.PNG','AAASEC',NULL),('2022-07-20','16:34:55','/tmall/imgs/tmall_2qh6u_024.PNG','AAASEC',NULL),('2022-07-20','16:34:55','/tmall/imgs/tmall_2qh6u_025.PNG','AAASEC',NULL),('2022-07-20','16:34:55','/tmall/imgs/tmall_2qh6u_008.PNG','AAASEC',NULL),('2022-07-20','16:34:55','/tmall/imgs/tmall_2qh6u_009.PNG','AAASEC',NULL),('2022-07-20','16:34:55','/tmall/imgs/tmall_2qh6u_010.PNG','AAASEC',NULL),('2022-07-20','16:37:11','/tmall/imgs/logo.PNG','AAASEC',NULL),('2022-07-20','16:37:11','/tmall/imgs/tmall_2qh6u_001.PNG','AAASEC',NULL),('2022-07-20','16:37:11','/tmall/imgs/tmall_2qh6u_021.PNG','AAASEC',NULL),('2022-07-20','16:37:11','/tmall/imgs/tmall_2qh6u_003.PNG','AAASEC',NULL),('2022-07-20','16:37:11','/tmall/imgs/tmall_2qh6u_022.PNG','AAASEC',NULL),('2022-07-20','16:37:11','/tmall/imgs/tmall_2qh6u_023.PNG','AAASEC',NULL),('2022-07-20','16:37:11','/tmall/imgs/tmall_2qh6u_024.PNG','AAASEC',NULL),('2022-07-20','16:37:11','/tmall/imgs/tmall_2qh6u_008.PNG','AAASEC',NULL),('2022-07-20','16:37:11','/tmall/imgs/tmall_2qh6u_009.PNG','AAASEC',NULL),('2022-07-20','16:37:11','/tmall/imgs/tmall_2qh6u_010.PNG','AAASEC',NULL),('2022-07-20','16:37:11','/tmall/imgs/tmall_2qh6u_025.PNG','AAASEC',NULL),('2022-07-20','16:37:14','/tmall/imgs/tmall_2qh6u_001.PNG','AAASEC',NULL),('2022-07-20','16:37:14','/tmall/imgs/tmall_2qh6u_003.PNG','AAASEC',NULL),('2022-07-20','16:37:14','/tmall/imgs/logo.PNG','AAASEC',NULL),('2022-07-20','16:37:14','/tmall/imgs/tmall_2qh6u_023.PNG','AAASEC',NULL),('2022-07-20','16:37:14','/tmall/imgs/tmall_2qh6u_021.PNG','AAASEC',NULL),('2022-07-20','16:37:14','/tmall/imgs/tmall_2qh6u_022.PNG','AAASEC',NULL),('2022-07-20','16:37:14','/tmall/imgs/tmall_2qh6u_024.PNG','AAASEC',NULL),('2022-07-20','16:37:14','/tmall/imgs/tmall_2qh6u_008.PNG','AAASEC',NULL),('2022-07-20','16:37:14','/tmall/imgs/tmall_2qh6u_025.PNG','AAASEC',NULL),('2022-07-20','16:37:14','/tmall/imgs/tmall_2qh6u_009.PNG','AAASEC',NULL),('2022-07-20','16:37:14','/tmall/imgs/tmall_2qh6u_024.PNG','AAASEC',NULL),('2022-07-20','16:37:14','/tmall/imgs/tmall_2qh6u_025.PNG','AAASEC',NULL),('2022-07-20','16:37:14','/tmall/imgs/tmall_2qh6u_008.PNG','AAASEC',NULL),('2022-07-20','16:37:14','/tmall/imgs/tmall_2qh6u_010.PNG','AAASEC',NULL),('2022-07-20','16:37:14','/tmall/imgs/tmall_2qh6u_009.PNG','AAASEC',NULL),('2022-07-20','16:37:14','/tmall/imgs/tmall_2qh6u_010.PNG','AAASEC',NULL),('2022-07-20','16:39:37','/tmall/imgs/logo.PNG','AAASEC',NULL),('2022-07-20','16:39:37','/tmall/imgs/tmall_2qh6u_001.PNG','AAASEC',NULL),('2022-07-20','16:39:37','/tmall/imgs/tmall_2qh6u_003.PNG','AAASEC',NULL),('2022-07-20','16:39:37','/tmall/imgs/tmall_2qh6u_022.PNG','AAASEC',NULL),('2022-07-20','16:39:37','/tmall/imgs/tmall_2qh6u_023.PNG','AAASEC',NULL),('2022-07-20','16:39:37','/tmall/imgs/tmall_2qh6u_021.PNG','AAASEC',NULL),('2022-07-20','16:39:37','/tmall/imgs/tmall_2qh6u_024.PNG','AAASEC',NULL),('2022-07-20','16:39:37','/tmall/imgs/tmall_2qh6u_025.PNG','AAASEC',NULL),('2022-07-20','16:39:37','/tmall/imgs/tmall_2qh6u_008.PNG','AAASEC',NULL),('2022-07-20','16:39:37','/tmall/imgs/tmall_2qh6u_009.PNG','AAASEC',NULL),('2022-07-20','16:39:37','/tmall/imgs/tmall_2qh6u_010.PNG','AAASEC',NULL),('2022-07-20','16:39:37','/tmall/imgs/tmall_2qh6u_001.PNG','AAASEC',NULL),('2022-07-20','16:39:37','/tmall/imgs/tmall_2qh6u_021.PNG','AAASEC',NULL),('2022-07-20','16:39:37','/tmall/imgs/tmall_2qh6u_003.PNG','AAASEC',NULL),('2022-07-20','16:39:37','/tmall/imgs/tmall_2qh6u_024.PNG','AAASEC',NULL),('2022-07-20','16:39:37','/tmall/imgs/tmall_2qh6u_022.PNG','AAASEC',NULL),('2022-07-20','16:39:37','/tmall/imgs/tmall_2qh6u_008.PNG','AAASEC',NULL),('2022-07-20','16:39:37','/tmall/imgs/tmall_2qh6u_009.PNG','AAASEC',NULL),('2022-07-20','16:39:37','/tmall/imgs/tmall_2qh6u_023.PNG','AAASEC',NULL),('2022-07-20','16:39:37','/tmall/imgs/tmall_2qh6u_010.PNG','AAASEC',NULL),('2022-07-20','16:39:37','/tmall/imgs/tmall_2qh6u_025.PNG','AAASEC',NULL),('2022-07-20','16:41:11','/tmall/imgs/logo.PNG','AAASEC',NULL),('2022-07-20','16:41:11','/tmall/imgs/tmall_2qh6u_002.PNG','AAASEC',NULL),('2022-07-20','16:41:11','/tmall/imgs/tmall_2qh6u_003.PNG','AAASEC',NULL),('2022-07-20','16:41:11','/tmall/imgs/tmall_2qh6u_004.PNG','AAASEC',NULL),('2022-07-20','16:41:11','/tmall/imgs/tmall_2qh6u_005.PNG','AAASEC',NULL),('2022-07-20','16:41:11','/tmall/imgs/tmall_2qh6u_006.PNG','AAASEC',NULL),('2022-07-20','16:41:11','/tmall/imgs/tmall_2qh6u_001.PNG','AAASEC',NULL),('2022-07-20','16:41:11','/tmall/imgs/tmall_2qh6u_007.PNG','AAASEC',NULL),('2022-07-20','16:41:11','/tmall/imgs/tmall_2qh6u_008.PNG','AAASEC',NULL),('2022-07-20','16:41:11','/tmall/imgs/tmall_2qh6u_009.PNG','AAASEC',NULL),('2022-07-20','16:41:11','/tmall/imgs/tmall_2qh6u_010.PNG','AAASEC',NULL),('2022-07-20','16:41:20','/tmall/imgs/logo.PNG','AAASEC',NULL),('2022-07-20','16:41:20','/tmall/imgs/tmall_2qh6u_003.PNG','AAASEC',NULL),('2022-07-20','16:41:20','/tmall/imgs/tmall_2qh6u_001.PNG','AAASEC',NULL),('2022-07-20','16:41:20','/tmall/imgs/tmall_2qh6u_023.PNG','AAASEC',NULL),('2022-07-20','16:41:20','/tmall/imgs/tmall_2qh6u_022.PNG','AAASEC',NULL),('2022-07-20','16:41:20','/tmall/imgs/tmall_2qh6u_024.PNG','AAASEC',NULL),('2022-07-20','16:41:20','/tmall/imgs/tmall_2qh6u_025.PNG','AAASEC',NULL),('2022-07-20','16:41:20','/tmall/imgs/tmall_2qh6u_008.PNG','AAASEC',NULL),('2022-07-20','16:41:20','/tmall/imgs/tmall_2qh6u_009.PNG','AAASEC',NULL),('2022-07-20','16:41:20','/tmall/imgs/tmall_2qh6u_001.PNG','AAASEC',NULL),('2022-07-20','16:41:20','/tmall/imgs/tmall_2qh6u_003.PNG','AAASEC',NULL),('2022-07-20','16:41:20','/tmall/imgs/tmall_2qh6u_024.PNG','AAASEC',NULL),('2022-07-20','16:41:20','/tmall/imgs/tmall_2qh6u_022.PNG','AAASEC',NULL),('2022-07-20','16:41:20','/tmall/imgs/tmall_2qh6u_008.PNG','AAASEC',NULL),('2022-07-20','16:41:20','/tmall/imgs/tmall_2qh6u_009.PNG','AAASEC',NULL),('2022-07-20','16:41:20','/tmall/imgs/tmall_2qh6u_023.PNG','AAASEC',NULL),('2022-07-20','16:41:20','/tmall/imgs/tmall_2qh6u_025.PNG','AAASEC',NULL),('2022-07-20','16:41:20','/tmall/imgs/tmall_2qh6u_021.PNG','AAASEC',NULL),('2022-07-20','16:41:20','/tmall/imgs/tmall_2qh6u_021.PNG','AAASEC',NULL),('2022-07-20','16:41:20','/tmall/imgs/tmall_2qh6u_010.PNG','AAASEC',NULL),('2022-07-20','16:41:20','/tmall/imgs/tmall_2qh6u_010.PNG','AAASEC',NULL),('2022-07-20','16:41:20','/tmall/imgs/logo.PNG','AAASEC',NULL),('2022-07-20','16:41:20','/tmall/imgs/tmall_2qh6u_001.PNG','AAASEC',NULL),('2022-07-20','16:41:20','/tmall/imgs/tmall_2qh6u_021.PNG','AAASEC',NULL),('2022-07-20','16:41:20','/tmall/imgs/tmall_2qh6u_003.PNG','AAASEC',NULL),('2022-07-20','16:41:20','/tmall/imgs/tmall_2qh6u_022.PNG','AAASEC',NULL),('2022-07-20','16:41:20','/tmall/imgs/tmall_2qh6u_023.PNG','AAASEC',NULL),('2022-07-20','16:41:20','/tmall/imgs/tmall_2qh6u_024.PNG','AAASEC',NULL),('2022-07-20','16:41:20','/tmall/imgs/tmall_2qh6u_025.PNG','AAASEC',NULL),('2022-07-20','16:41:20','/tmall/imgs/tmall_2qh6u_008.PNG','AAASEC',NULL),('2022-07-20','16:41:20','/tmall/imgs/tmall_2qh6u_009.PNG','AAASEC',NULL),('2022-07-20','16:41:20','/tmall/imgs/tmall_2qh6u_010.PNG','AAASEC',NULL),('2022-07-20','16:42:26','/tmall/imgs/logo.PNG','AAASEC',NULL),('2022-07-20','16:42:26','/tmall/imgs/tmall_2qh6u_001.PNG','AAASEC',NULL),('2022-07-20','16:42:26','/tmall/imgs/tmall_2qh6u_003.PNG','AAASEC',NULL),('2022-07-20','16:42:26','/tmall/imgs/tmall_2qh6u_021.PNG','AAASEC',NULL),('2022-07-20','16:42:26','/tmall/imgs/tmall_2qh6u_024.PNG','AAASEC',NULL),('2022-07-20','16:42:26','/tmall/imgs/tmall_2qh6u_022.PNG','AAASEC',NULL),('2022-07-20','16:42:26','/tmall/imgs/tmall_2qh6u_023.PNG','AAASEC',NULL),('2022-07-20','16:42:26','/tmall/imgs/tmall_2qh6u_025.PNG','AAASEC',NULL),('2022-07-20','16:42:26','/tmall/imgs/tmall_2qh6u_008.PNG','AAASEC',NULL),('2022-07-20','16:42:26','/tmall/imgs/tmall_2qh6u_009.PNG','AAASEC',NULL),('2022-07-20','16:42:26','/tmall/imgs/tmall_2qh6u_010.PNG','AAASEC',NULL),('2022-07-20','16:42:26','/tmall/imgs/tmall_2qh6u_003.PNG','AAASEC',NULL),('2022-07-20','16:42:26','/tmall/imgs/tmall_2qh6u_021.PNG','AAASEC',NULL),('2022-07-20','16:42:26','/tmall/imgs/tmall_2qh6u_022.PNG','AAASEC',NULL),('2022-07-20','16:42:26','/tmall/imgs/tmall_2qh6u_023.PNG','AAASEC',NULL),('2022-07-20','16:42:26','/tmall/imgs/tmall_2qh6u_001.PNG','AAASEC',NULL),('2022-07-20','16:42:26','/tmall/imgs/tmall_2qh6u_008.PNG','AAASEC',NULL),('2022-07-20','16:42:26','/tmall/imgs/tmall_2qh6u_009.PNG','AAASEC',NULL),('2022-07-20','16:42:26','/tmall/imgs/tmall_2qh6u_024.PNG','AAASEC',NULL),('2022-07-20','16:42:26','/tmall/imgs/tmall_2qh6u_010.PNG','AAASEC',NULL),('2022-07-20','16:42:26','/tmall/imgs/tmall_2qh6u_025.PNG','AAASEC',NULL),('2022-07-20','16:42:31','/tmall/home.html','AAASEC',NULL),('2022-07-20','16:45:05','/tmall/imgs/logo.PNG','AAASEC',NULL),('2022-07-20','16:45:05','/tmall/imgs/tmall_2qh6u_001.PNG','AAASEC',NULL),('2022-07-20','16:45:05','/tmall/imgs/tmall_2qh6u_021.PNG','AAASEC',NULL),('2022-07-20','16:45:05','/tmall/imgs/tmall_2qh6u_003.PNG','AAASEC',NULL),('2022-07-20','16:45:05','/tmall/imgs/tmall_2qh6u_022.PNG','AAASEC',NULL),('2022-07-20','16:45:05','/tmall/imgs/tmall_2qh6u_023.PNG','AAASEC',NULL),('2022-07-20','16:45:05','/tmall/imgs/tmall_2qh6u_024.PNG','AAASEC',NULL),('2022-07-20','16:45:05','/tmall/imgs/tmall_2qh6u_025.PNG','AAASEC',NULL),('2022-07-20','16:45:05','/tmall/imgs/tmall_2qh6u_008.PNG','AAASEC',NULL),('2022-07-20','16:45:05','/tmall/imgs/tmall_2qh6u_009.PNG','AAASEC',NULL),('2022-07-20','16:45:05','/tmall/imgs/tmall_2qh6u_010.PNG','AAASEC',NULL),('2022-07-20','16:45:07','/gwsst/imgs/notice.png','AAASEC',NULL),('2022-07-20','16:45:08','/gwsst/form.html','AAASEC',NULL),('2022-07-20','16:45:13','/ifeng/imgs/nav.png','AAASEC',NULL),('2022-07-20','16:45:13','/ifeng/imgs/iphone.png','AAASEC',NULL),('2022-07-20','16:45:13','/ifeng/imgs/rate.png','AAASEC',NULL),('2022-07-20','16:45:13','/ifeng/imgs/top10.png','AAASEC',NULL),('2022-07-20','16:45:13','/ifeng/imgs/5g.png','AAASEC',NULL),('2022-07-20','16:45:13','/ifeng/imgs/phone.png','AAASEC',NULL),('2022-07-20','16:45:17','/tmall/imgs/logo.PNG','AAASEC',NULL),('2022-07-20','16:45:17','/tmall/imgs/tmall_2qh6u_001.PNG','AAASEC',NULL),('2022-07-20','16:45:17','/tmall/imgs/tmall_2qh6u_021.PNG','AAASEC',NULL),('2022-07-20','16:45:17','/tmall/imgs/tmall_2qh6u_003.PNG','AAASEC',NULL),('2022-07-20','16:45:17','/tmall/imgs/tmall_2qh6u_022.PNG','AAASEC',NULL),('2022-07-20','16:45:17','/tmall/imgs/tmall_2qh6u_023.PNG','AAASEC',NULL),('2022-07-20','16:45:17','/tmall/imgs/tmall_2qh6u_024.PNG','AAASEC',NULL),('2022-07-20','16:45:17','/tmall/imgs/tmall_2qh6u_025.PNG','AAASEC',NULL),('2022-07-20','16:45:17','/tmall/imgs/tmall_2qh6u_008.PNG','AAASEC',NULL),('2022-07-20','16:45:17','/tmall/imgs/tmall_2qh6u_009.PNG','AAASEC',NULL),('2022-07-20','16:45:17','/tmall/imgs/tmall_2qh6u_010.PNG','AAASEC',NULL),('2022-07-20','16:45:19','/newqq/news.html','AAASEC',NULL),('2022-07-20','16:45:21','/tmall/imgs/logo.PNG','AAASEC',NULL),('2022-07-20','16:45:21','/tmall/imgs/tmall_2qh6u_003.PNG','AAASEC',NULL),('2022-07-20','16:45:21','/tmall/imgs/tmall_2qh6u_001.PNG','AAASEC',NULL),('2022-07-20','16:45:21','/tmall/imgs/tmall_2qh6u_022.PNG','AAASEC',NULL),('2022-07-20','16:45:21','/tmall/imgs/tmall_2qh6u_021.PNG','AAASEC',NULL),('2022-07-20','16:45:21','/tmall/imgs/tmall_2qh6u_008.PNG','AAASEC',NULL),('2022-07-20','16:45:21','/tmall/imgs/tmall_2qh6u_024.PNG','AAASEC',NULL),('2022-07-20','16:45:21','/tmall/imgs/tmall_2qh6u_023.PNG','AAASEC',NULL),('2022-07-20','16:45:21','/tmall/imgs/tmall_2qh6u_025.PNG','AAASEC',NULL),('2022-07-20','16:45:21','/tmall/imgs/tmall_2qh6u_009.PNG','AAASEC',NULL),('2022-07-20','16:45:21','/tmall/imgs/tmall_2qh6u_010.PNG','AAASEC',NULL),('2022-07-20','16:45:28','/ifeng/imgs/nav.png','AAASEC',NULL),('2022-07-20','16:45:28','/ifeng/imgs/iphone.png','AAASEC',NULL),('2022-07-20','16:45:28','/ifeng/imgs/rate.png','AAASEC',NULL),('2022-07-20','16:45:28','/ifeng/imgs/top10.png','AAASEC',NULL),('2022-07-20','16:45:28','/ifeng/imgs/5g.png','AAASEC',NULL),('2022-07-20','16:45:28','/ifeng/imgs/phone.png','AAASEC',NULL),('2022-07-20','16:45:30','/ifeng/imgs/5g.png','AAASEC',NULL),('2022-07-20','16:45:30','/ifeng/imgs/nav.png','AAASEC',NULL),('2022-07-20','16:45:30','/ifeng/imgs/top10.png','AAASEC',NULL),('2022-07-20','16:45:30','/ifeng/imgs/rate.png','AAASEC',NULL),('2022-07-20','16:45:30','/ifeng/imgs/iphone.png','AAASEC',NULL),('2022-07-20','16:45:30','/ifeng/imgs/phone.png','AAASEC',NULL),('2022-07-20','16:45:33','/tmall/imgs/logo.PNG','AAASEC',NULL),('2022-07-20','16:45:33','/tmall/imgs/tmall_2qh6u_001.PNG','AAASEC',NULL),('2022-07-20','16:45:33','/tmall/imgs/tmall_2qh6u_021.PNG','AAASEC',NULL),('2022-07-20','16:45:33','/tmall/imgs/tmall_2qh6u_003.PNG','AAASEC',NULL),('2022-07-20','16:45:33','/tmall/imgs/tmall_2qh6u_022.PNG','AAASEC',NULL),('2022-07-20','16:45:33','/tmall/imgs/tmall_2qh6u_023.PNG','AAASEC',NULL),('2022-07-20','16:45:33','/tmall/imgs/tmall_2qh6u_024.PNG','AAASEC',NULL),('2022-07-20','16:45:33','/tmall/imgs/tmall_2qh6u_025.PNG','AAASEC',NULL),('2022-07-20','16:45:33','/tmall/imgs/tmall_2qh6u_008.PNG','AAASEC',NULL),('2022-07-20','16:45:33','/tmall/imgs/tmall_2qh6u_009.PNG','AAASEC',NULL),('2022-07-20','16:45:33','/tmall/imgs/tmall_2qh6u_010.PNG','AAASEC',NULL),('2022-07-20','17:02:55','/iecs/zenique/imgs/moonfes4.jpegl','{{%20uuid%20}}',NULL),('2022-07-20','17:02:55','/iecs/zenique/imgs/moonfes1.jpegl','{{%20uuid%20}}',NULL),('2022-07-20','17:02:55','/iecs/zenique/imgs/moonfes5.jpegl','{{%20uuid%20}}',NULL),('2022-07-20','17:02:55','/iecs/zenique/imgs/moonfes2.jpegl','{{%20uuid%20}}',NULL),('2022-07-20','17:02:55','/iecs/zenique/imgs/moonfes3.jpegl','{{%20uuid%20}}',NULL),('2022-07-20','17:02:55','/iecs/zenique/imgs/title.jpegl','{{%20uuid%20}}',NULL),('2022-07-20','17:02:55','/iecs/zenique/imgs/moonfes6.jpegl','{{%20uuid%20}}',NULL),('2022-07-20','17:02:55','/iecs/zenique/imgs/moonfes7.jpegl','{{%20uuid%20}}',NULL),('2022-07-20','17:02:55','/iecs/zenique/imgs/moonfes8.jpegl','{{%20uuid%20}}',NULL),('2022-07-20','17:02:55','/iecs/zenique/imgs/moonfes9.jpegl','{{%20uuid%20}}',NULL),('2022-07-20','17:03:36','/iecs/zenique/imgs/moonfes2.jpeg','{{%20uuid%20}}',NULL),('2022-07-20','17:03:36','/iecs/zenique/imgs/moonfes3.jpeg','{{%20uuid%20}}',NULL),('2022-07-20','17:03:36','/iecs/zenique/imgs/moonfes1.jpeg','{{%20uuid%20}}',NULL),('2022-07-20','17:03:36','/iecs/zenique/imgs/moonfes5.jpeg','{{%20uuid%20}}',NULL),('2022-07-20','17:03:36','/iecs/zenique/imgs/moonfes4.jpeg','{{%20uuid%20}}',NULL),('2022-07-20','17:03:36','/iecs/zenique/imgs/moonfes6.jpeg','{{%20uuid%20}}',NULL),('2022-07-20','17:03:36','/iecs/zenique/imgs/moonfes7.jpeg','{{%20uuid%20}}',NULL),('2022-07-20','17:03:36','/iecs/zenique/imgs/title.jpeg','{{%20uuid%20}}',NULL),('2022-07-20','17:03:36','/iecs/zenique/imgs/moonfes9.jpeg','{{%20uuid%20}}',NULL),('2022-07-20','17:03:36','/iecs/zenique/imgs/moonfes8.jpeg','{{%20uuid%20}}',NULL),('2022-07-20','17:04:44','/shopee/imgs/2_004.PNG','{{%20uuid%20}}',NULL),('2022-07-20','17:04:44','/shopee/imgs/2_007.PNG','{{%20uuid%20}}',NULL),('2022-07-20','17:04:44','/shopee/imgs/4_004.PNG','{{%20uuid%20}}',NULL),('2022-07-20','17:04:44','/shopee/imgs/2_011.PNG','{{%20uuid%20}}',NULL),('2022-07-20','17:04:44','/shopee/imgs/3_012.PNG','{{%20uuid%20}}',NULL),('2022-07-20','17:04:44','/shopee/imgs/3_003.PNG','{{%20uuid%20}}',NULL),('2022-07-20','17:04:44','/shopee/imgs/2_009.PNG','{{%20uuid%20}}',NULL),('2022-07-20','17:04:44','/shopee/imgs/4_008.PNG','{{%20uuid%20}}',NULL),('2022-07-20','17:04:44','/shopee/imgs/4_009.PNG','{{%20uuid%20}}',NULL),('2022-07-20','17:04:44','/shopee/imgs/2_006.PNG','{{%20uuid%20}}',NULL),('2022-07-20','17:04:44','/shopee/imgs/1_005.PNG','{{%20uuid%20}}',NULL),('2022-07-20','17:04:44','/shopee/imgs/5_001.PNG','{{%20uuid%20}}',NULL),('2022-07-20','17:04:44','/shopee/imgs/5_012.PNG','{{%20uuid%20}}',NULL),('2022-07-20','17:04:44','/shopee/imgs/1_012.PNG','{{%20uuid%20}}',NULL),('2022-07-20','17:04:44','/shopee/imgs/1_003.PNG','{{%20uuid%20}}',NULL),('2022-07-20','17:04:44','/shopee/imgs/logo.PNG','{{%20uuid%20}}',NULL),('2022-07-20','17:04:44','/shopee/imgs/1_009.PNG','{{%20uuid%20}}',NULL),('2022-07-20','17:04:44','/shopee/imgs/1_010.PNG','{{%20uuid%20}}',NULL),('2022-07-20','17:04:44','/shopee/imgs/1_002.PNG','{{%20uuid%20}}',NULL),('2022-07-20','17:05:25','/star/imgs/3650660-PH.jpg','{{%20uuid%20}}',NULL),('2022-07-20','17:05:25','/star/imgs/3650661-PH.jpg','{{%20uuid%20}}',NULL),('2022-07-20','17:05:25','/star/imgs/3650662-PH.jpg','{{%20uuid%20}}',NULL),('2022-07-20','17:10:32','/iecs/bitcoin/imgs/abc.PNGl','{{%20uuid%20}}',NULL),('2022-07-20','17:10:32','/iecs/bitcoin/imgs/file6593.PNGl','{{%20uuid%20}}',NULL),('2022-07-20','17:11:39','/iecs/bitcoin/imgs/file6593.PNG','{{%20uuid%20}}',NULL),('2022-07-20','17:11:39','/iecs/bitcoin/imgs/abc.PNG','{{%20uuid%20}}',NULL),('2022-07-20','17:14:40','/udn/showhost.htm','IwAR15cpV182M9GD0HCn436aatIUnYqkmTNHuNmKpkbxXRPNalV5ym41GeTHY',NULL),('2022-07-20','17:15:38','/udn/6298358.html','{{%20uuid%20}}',NULL),('2022-07-20','17:15:38','/udn/showhost.htm','{{%20uuid%20}}',NULL),('2022-07-20','17:17:27','/iecs/udn/showhost.htm','',NULL),('2022-07-20','17:18:49','/udn/imgs/134323.jpg','{{%20uuid%20}}',NULL),('2022-07-20','17:18:49','/udn/imgs/title.jpg','{{%20uuid%20}}',NULL),('2022-07-20','17:22:28','/iecs/netflix/imgs/netflix.png','{{%20uuid%20}}',NULL),('2022-07-20','17:24:14','/iecs/netflix/help_center.html','{{%20uuid%20}',NULL),('2022-07-20','17:24:14','/iecs/netflix/showhost.htm','{{%20uuid%20}',NULL),('2022-07-20','17:24:15','/iecs/netflix/help_center.html','{{%20uuid%20}',NULL),('2022-07-20','17:24:15','/iecs/netflix/showhost.htm','{{%20uuid%20}',NULL),('2022-07-20','17:25:38','/linepay/showhost.htm','',NULL),('2022-07-20','17:43:18','/tmall/imgs/logo.PNG','ZZA006BBB',NULL),('2022-07-20','17:43:18','/tmall/imgs/tmall_2qh6u_021.PNG','ZZA006BBB',NULL),('2022-07-20','17:43:18','/tmall/imgs/tmall_2qh6u_003.PNG','ZZA006BBB',NULL),('2022-07-20','17:43:18','/tmall/imgs/tmall_2qh6u_001.PNG','ZZA006BBB',NULL),('2022-07-20','17:43:18','/tmall/imgs/tmall_2qh6u_022.PNG','ZZA006BBB',NULL),('2022-07-20','17:43:18','/tmall/imgs/tmall_2qh6u_023.PNG','ZZA006BBB',NULL),('2022-07-20','17:43:18','/tmall/imgs/tmall_2qh6u_024.PNG','ZZA006BBB',NULL),('2022-07-20','17:43:18','/tmall/imgs/tmall_2qh6u_025.PNG','ZZA006BBB',NULL),('2022-07-20','17:43:18','/tmall/imgs/tmall_2qh6u_008.PNG','ZZA006BBB',NULL),('2022-07-20','17:43:18','/tmall/imgs/tmall_2qh6u_010.PNG','ZZA006BBB',NULL),('2022-07-20','17:43:18','/tmall/imgs/tmall_2qh6u_009.PNG','ZZA006BBB',NULL),('2022-07-20','17:43:22','/tmall/home.html','ZZA006BBB',NULL),('2022-07-20','17:43:22','/tmall/showhost.htm','ZZA006BBB',NULL),('2022-07-20','17:43:44','/newqq/imgs/market.png','ZZA006BBB',NULL),('2022-07-20','17:43:44','/newqq/imgs/price.png','ZZA006BBB',NULL),('2022-07-20','17:43:44','/newqq/imgs/chart.png','ZZA006BBB',NULL),('2022-07-20','17:43:44','/newqq/imgs/bar.png','ZZA006BBB',NULL),('2022-07-20','17:43:53','/newqq/news.html','ZZA006BBB',NULL),('2022-07-20','17:43:53','/newqq/showhost.htm','ZZA006BBB',NULL),('2022-07-20','17:44:38','/ifeng/imgs/nav.png','ZZA006BBB',NULL),('2022-07-20','17:44:38','/ifeng/imgs/rate.png','ZZA006BBB',NULL),('2022-07-20','17:44:38','/ifeng/imgs/iphone.png','ZZA006BBB',NULL),('2022-07-20','17:44:38','/ifeng/imgs/top10.png','ZZA006BBB',NULL),('2022-07-20','17:44:38','/ifeng/imgs/5g.png','ZZA006BBB',NULL),('2022-07-20','17:44:38','/ifeng/imgs/phone.png','ZZA006BBB',NULL),('2022-07-20','17:44:40','/ifeng/vid.html','ZZA006BBB',NULL),('2022-07-20','17:44:40','/ifeng/showhost.htm','ZZA006BBB',NULL),('2022-07-20','17:45:08','/baidu/imgs/baidu.png','ZZA006BBB',NULL),('2022-07-20','17:45:20','/baidu/login.html','ZZA006BBB',NULL),('2022-07-20','17:45:20','/baidu/showhost.htm','ZZA006BBB',NULL),('2022-07-20','17:45:48','/gwsst/form.html','ZZA006BBB',NULL),('2022-07-20','17:45:48','/gwsst/showhost.htm','ZZA006BBB',NULL),('2022-07-20','17:46:14','/gwsst/imgs/notice.png','ZZA006BBB',NULL),('2022-07-20','17:46:18','/gwsst/form04.html','ZZA006BBB',NULL),('2022-07-20','17:47:16','/ifeng/imgs/nav.png','AAASEC',NULL),('2022-07-20','17:47:16','/ifeng/imgs/iphone.png','AAASEC',NULL),('2022-07-20','17:47:16','/ifeng/imgs/rate.png','AAASEC',NULL),('2022-07-20','17:47:16','/ifeng/imgs/top10.png','AAASEC',NULL),('2022-07-20','17:47:16','/ifeng/imgs/5g.png','AAASEC',NULL),('2022-07-20','17:47:16','/ifeng/imgs/phone.png','AAASEC',NULL),('2022-07-20','17:47:19','/gwsst/imgs/notice.png','AAASEC',NULL),('2022-07-20','17:47:24','/gwsst/form04.html','AAASEC',NULL),('2022-07-20','17:47:28','/gwsst/form.html','AAASEC',NULL),('2022-07-20','17:48:06','/gwsst/showhost.htm','',NULL),('2022-07-20','17:48:37','/ifeng/imgs/nav.png','AAASEC',NULL),('2022-07-20','17:48:37','/ifeng/imgs/iphone.png','AAASEC',NULL),('2022-07-20','17:48:37','/ifeng/imgs/rate.png','AAASEC',NULL),('2022-07-20','17:48:37','/ifeng/imgs/top10.png','AAASEC',NULL),('2022-07-20','17:48:37','/ifeng/imgs/5g.png','AAASEC',NULL),('2022-07-20','17:48:37','/ifeng/imgs/phone.png','AAASEC',NULL),('2022-07-20','18:23:17','/tmall/imgs/logo.PNG','AAASEC',NULL),('2022-07-20','18:23:17','/tmall/imgs/tmall_2qh6u_001.PNG','AAASEC',NULL),('2022-07-20','18:23:17','/tmall/imgs/tmall_2qh6u_021.PNG','AAASEC',NULL),('2022-07-20','18:23:17','/tmall/imgs/tmall_2qh6u_003.PNG','AAASEC',NULL),('2022-07-20','18:23:17','/tmall/imgs/tmall_2qh6u_022.PNG','AAASEC',NULL),('2022-07-20','18:23:17','/tmall/imgs/tmall_2qh6u_023.PNG','AAASEC',NULL),('2022-07-20','18:23:17','/tmall/imgs/tmall_2qh6u_024.PNG','AAASEC',NULL),('2022-07-20','18:23:17','/tmall/imgs/tmall_2qh6u_025.PNG','AAASEC',NULL),('2022-07-20','18:23:17','/tmall/imgs/tmall_2qh6u_008.PNG','AAASEC',NULL),('2022-07-20','18:23:17','/tmall/imgs/tmall_2qh6u_009.PNG','AAASEC',NULL),('2022-07-20','18:23:17','/tmall/imgs/tmall_2qh6u_010.PNG','AAASEC',NULL),('2022-07-21','05:08:34','/udn/imgs/134323.jpg','teA01G0157B',NULL),('2022-07-21','05:08:34','/udn/imgs/title.jpg','teA01G0157B',NULL),('2022-07-21','05:09:04','/udn/imgs/title.jpg','teA01G0157B',NULL),('2022-07-21','05:09:04','/udn/imgs/134323.jpg','teA01G0157B',NULL),('2022-07-21','05:58:53','/shopee/imgs/1_002.PNG','IEA01G014B9',NULL),('2022-07-21','05:58:53','/shopee/imgs/1_009.PNG','IEA01G014B9',NULL),('2022-07-21','05:58:53','/shopee/imgs/1_010.PNG','IEA01G014B9',NULL),('2022-07-21','05:58:53','/shopee/imgs/logo.PNG','IEA01G014B9',NULL),('2022-07-21','05:58:53','/shopee/imgs/1_012.PNG','IEA01G014B9',NULL),('2022-07-21','05:58:53','/shopee/imgs/1_003.PNG','IEA01G014B9',NULL),('2022-07-21','05:58:53','/shopee/imgs/1_005.PNG','IEA01G014B9',NULL),('2022-07-21','05:58:53','/shopee/imgs/2_007.PNG','IEA01G014B9',NULL),('2022-07-21','05:58:53','/shopee/imgs/2_006.PNG','IEA01G014B9',NULL),('2022-07-21','05:58:53','/shopee/imgs/2_009.PNG','IEA01G014B9',NULL),('2022-07-21','05:58:53','/shopee/imgs/2_011.PNG','IEA01G014B9',NULL),('2022-07-21','05:58:53','/shopee/imgs/2_004.PNG','IEA01G014B9',NULL),('2022-07-21','05:58:53','/shopee/imgs/5_001.PNG','IEA01G014B9',NULL),('2022-07-21','05:58:53','/shopee/imgs/3_012.PNG','IEA01G014B9',NULL),('2022-07-21','05:58:53','/shopee/imgs/4_004.PNG','IEA01G014B9',NULL),('2022-07-21','05:58:53','/shopee/imgs/4_008.PNG','IEA01G014B9',NULL),('2022-07-21','05:58:53','/shopee/imgs/4_009.PNG','IEA01G014B9',NULL),('2022-07-21','05:58:53','/shopee/imgs/3_003.PNG','IEA01G014B9',NULL),('2022-07-21','05:58:53','/shopee/imgs/5_012.PNG','IEA01G014B9',NULL),('2022-07-21','05:59:20','/star/imgs/3650662-PH.jpg','IEA01G014B9',NULL),('2022-07-21','05:59:20','/star/imgs/3650661-PH.jpg','IEA01G014B9',NULL),('2022-07-21','05:59:20','/star/imgs/3650660-PH.jpg','IEA01G014B9',NULL),('2022-07-21','05:59:24','/udn/imgs/134323.jpg','IEA01G014B9',NULL),('2022-07-21','05:59:24','/udn/imgs/title.jpg','IEA01G014B9',NULL),('2022-07-21','06:06:29','/udn/imgs/title.jpg','teA01G0157B',NULL),('2022-07-21','06:06:29','/udn/imgs/134323.jpg','teA01G0157B',NULL),('2022-07-21','06:08:02','/udn/imgs/title.jpg','IEA01G014B9',NULL),('2022-07-21','06:08:02','/udn/imgs/134323.jpg','IEA01G014B9',NULL),('2022-07-21','06:09:38','/udn/imgs/title.jpg','teA01G0157B',NULL),('2022-07-21','06:09:38','/udn/imgs/134323.jpg','teA01G0157B',NULL),('2022-07-21','06:10:06','/udn/imgs/title.jpg','teA01G0157B',NULL),('2022-07-21','06:10:06','/udn/imgs/134323.jpg','teA01G0157B',NULL),('2022-07-21','06:10:19','/udn/imgs/title.jpg','teA01G0157B',NULL),('2022-07-21','06:10:19','/udn/imgs/134323.jpg','teA01G0157B',NULL),('2022-07-21','06:10:55','/udn/imgs/title.jpg','IEA01G014B9',NULL),('2022-07-21','06:10:55','/udn/imgs/134323.jpg','IEA01G014B9',NULL),('2022-07-21','06:20:34','/udn/imgs/134323.jpg','teA01G0157B',NULL),('2022-07-21','06:20:34','/udn/imgs/title.jpg','teA01G0157B',NULL),('2022-07-21','06:32:47','/iecs/netflix/imgs/netflix.png','IEA01G01B78',NULL),('2022-07-21','06:33:09','/iecs/zenique/imgs/moonfes2.jpeg','IEA01G01B78',NULL),('2022-07-21','06:33:09','/iecs/zenique/imgs/moonfes3.jpeg','IEA01G01B78',NULL),('2022-07-21','06:33:09','/iecs/zenique/imgs/moonfes1.jpeg','IEA01G01B78',NULL),('2022-07-21','06:33:09','/iecs/zenique/imgs/title.jpeg','IEA01G01B78',NULL),('2022-07-21','06:33:12','/iecs/netflix/imgs/netflix.png','IEA01G01B78',NULL),('2022-07-21','07:02:21','/udn/imgs/title.jpg','IEA02G021CA',NULL),('2022-07-21','07:02:21','/udn/imgs/134323.jpg','IEA02G021CA',NULL),('2022-07-21','07:02:34','/star/imgs/3650662-PH.jpg','IEA02G021CA',NULL),('2022-07-21','07:02:34','/star/imgs/3650661-PH.jpg','IEA02G021CA',NULL),('2022-07-21','07:02:34','/star/imgs/3650660-PH.jpg','IEA02G021CA',NULL),('2022-07-21','07:02:37','/shopee/imgs/2_009.PNG','IEA02G021CA',NULL),('2022-07-21','07:02:37','/shopee/imgs/2_011.PNG','IEA02G021CA',NULL),('2022-07-21','07:02:37','/shopee/imgs/5_001.PNG','IEA02G021CA',NULL),('2022-07-21','07:02:37','/shopee/imgs/4_004.PNG','IEA02G021CA',NULL),('2022-07-21','07:02:37','/shopee/imgs/logo.PNG','IEA02G021CA',NULL),('2022-07-21','07:02:37','/shopee/imgs/1_002.PNG','IEA02G021CA',NULL),('2022-07-21','07:02:37','/shopee/imgs/1_010.PNG','IEA02G021CA',NULL),('2022-07-21','07:02:37','/shopee/imgs/2_004.PNG','IEA02G021CA',NULL),('2022-07-21','07:02:37','/shopee/imgs/3_012.PNG','IEA02G021CA',NULL),('2022-07-21','07:02:37','/shopee/imgs/4_009.PNG','IEA02G021CA',NULL),('2022-07-21','07:02:37','/shopee/imgs/5_012.PNG','IEA02G021CA',NULL),('2022-07-21','07:02:37','/shopee/imgs/4_008.PNG','IEA02G021CA',NULL),('2022-07-21','07:02:37','/shopee/imgs/1_003.PNG','IEA02G021CA',NULL),('2022-07-21','07:02:37','/shopee/imgs/1_012.PNG','IEA02G021CA',NULL),('2022-07-21','07:02:37','/shopee/imgs/2_007.PNG','IEA02G021CA',NULL),('2022-07-21','07:02:37','/shopee/imgs/3_003.PNG','IEA02G021CA',NULL),('2022-07-21','07:02:37','/shopee/imgs/1_009.PNG','IEA02G021CA',NULL),('2022-07-21','07:02:37','/shopee/imgs/2_006.PNG','IEA02G021CA',NULL),('2022-07-21','07:02:37','/shopee/imgs/1_005.PNG','IEA02G021CA',NULL),('2022-07-21','07:06:22','/iecs/netflix/imgs/netflix.png','IEA02G02B64',NULL),('2022-07-21','07:06:48','/iecs/zenique/imgs/moonfes3.jpeg','IEA02G02B64',NULL),('2022-07-21','07:06:48','/iecs/zenique/imgs/moonfes2.jpeg','IEA02G02B64',NULL),('2022-07-21','07:06:48','/iecs/zenique/imgs/moonfes1.jpeg','IEA02G02B64',NULL),('2022-07-21','07:06:48','/iecs/zenique/imgs/title.jpeg','IEA02G02B64',NULL),('2022-07-21','07:06:53','/iecs/bitcoin/imgs/file6593.PNG','IEA02G02B64',NULL),('2022-07-21','07:06:53','/iecs/bitcoin/imgs/abc.PNG','IEA02G02B64',NULL),('2022-07-21','07:07:03','/iecs/bitcoin/alert.html','IEA02G02B64',NULL),('2022-07-21','07:07:03','/iecs/bitcoin/showhost.htm','IEA02G02B64',NULL),('2022-07-21','07:08:56','/iecs/netflix/imgs/netflix.png','IEA02G02B64',NULL),('2022-07-21','07:09:29','/star/imgs/3650662-PH.jpg','IEA02G021CA',NULL),('2022-07-21','07:09:29','/star/imgs/3650661-PH.jpg','IEA02G021CA',NULL),('2022-07-21','07:09:29','/star/imgs/3650660-PH.jpg','IEA02G021CA',NULL),('2022-07-21','07:45:55','/iecs/bitcoin/imgs/abc.PNG','IEA02G02B64',NULL),('2022-07-21','07:45:55','/iecs/bitcoin/imgs/file6593.PNG','IEA02G02B64',NULL),('2022-07-21','07:45:56','/iecs/netflix/imgs/netflix.png','IEA02G02B64',NULL),('2022-07-21','07:51:33','/iecs/zenique/imgs/moonfes2.jpeg','IEA02G02B64',NULL),('2022-07-21','07:51:33','/iecs/zenique/imgs/moonfes3.jpeg','IEA02G02B64',NULL),('2022-07-21','07:51:33','/iecs/zenique/imgs/moonfes1.jpeg','IEA02G02B64',NULL),('2022-07-21','07:51:33','/iecs/zenique/imgs/moonfes5.jpeg','IEA02G02B64',NULL),('2022-07-21','07:51:33','/iecs/zenique/imgs/title.jpeg','IEA02G02B64',NULL),('2022-07-21','07:51:33','/iecs/zenique/imgs/moonfes4.jpeg','IEA02G02B64',NULL),('2022-07-21','08:21:55','/iecs/louisacoffee/showhost.htm','',NULL),('2022-07-21','08:22:49','/shopee/imgs/logo.PNG','IEA02G021CA',NULL),('2022-07-21','08:22:49','/shopee/imgs/2_004.PNG','IEA02G021CA',NULL),('2022-07-21','08:22:49','/shopee/imgs/1_012.PNG','IEA02G021CA',NULL),('2022-07-21','08:22:49','/shopee/imgs/2_006.PNG','IEA02G021CA',NULL),('2022-07-21','08:22:49','/shopee/imgs/1_010.PNG','IEA02G021CA',NULL),('2022-07-21','08:22:49','/shopee/imgs/2_011.PNG','IEA02G021CA',NULL),('2022-07-21','08:22:49','/shopee/imgs/1_003.PNG','IEA02G021CA',NULL),('2022-07-21','08:22:49','/shopee/imgs/4_008.PNG','IEA02G021CA',NULL),('2022-07-21','08:22:49','/shopee/imgs/1_005.PNG','IEA02G021CA',NULL),('2022-07-21','08:22:49','/shopee/imgs/4_004.PNG','IEA02G021CA',NULL),('2022-07-21','08:22:49','/shopee/imgs/1_009.PNG','IEA02G021CA',NULL),('2022-07-21','08:22:49','/shopee/imgs/5_012.PNG','IEA02G021CA',NULL),('2022-07-21','08:22:49','/shopee/imgs/1_002.PNG','IEA02G021CA',NULL),('2022-07-21','08:22:49','/shopee/imgs/4_009.PNG','IEA02G021CA',NULL),('2022-07-21','08:22:49','/shopee/imgs/3_012.PNG','IEA02G021CA',NULL),('2022-07-21','08:22:49','/shopee/imgs/3_003.PNG','IEA02G021CA',NULL),('2022-07-21','08:22:49','/shopee/imgs/2_009.PNG','IEA02G021CA',NULL),('2022-07-21','08:22:49','/shopee/imgs/5_001.PNG','IEA02G021CA',NULL),('2022-07-21','08:22:49','/shopee/imgs/2_007.PNG','IEA02G021CA',NULL),('2022-07-21','08:23:09','/iecs/zenique/imgs/moonfes2.jpeg','IEA02G02B64',NULL),('2022-07-21','08:23:09','/iecs/zenique/imgs/moonfes4.jpeg','IEA02G02B64',NULL),('2022-07-21','08:23:09','/iecs/zenique/imgs/moonfes3.jpeg','IEA02G02B64',NULL),('2022-07-21','08:23:09','/iecs/zenique/imgs/moonfes1.jpeg','IEA02G02B64',NULL),('2022-07-21','08:23:09','/iecs/zenique/imgs/title.jpeg','IEA02G02B64',NULL),('2022-07-21','08:23:09','/iecs/bitcoin/imgs/abc.PNG','IEA02G02B64',NULL),('2022-07-21','08:23:09','/iecs/bitcoin/imgs/file6593.PNG','IEA02G02B64',NULL),('2022-07-21','08:23:10','/iecs/netflix/imgs/netflix.png','IEA02G02B64',NULL);
/*!40000 ALTER TABLE `log` ENABLE KEYS */;
UNLOCK TABLES;

--
-- Table structure for table `se_server_company`
--

DROP TABLE IF EXISTS `se_server_company`;
/*!40101 SET @saved_cs_client     = @@character_set_client */;
/*!40101 SET character_set_client = utf8 */;
CREATE TABLE `se_server_company` (
  `CompanyCode` varchar(255) NOT NULL,
  `CompanyName` varchar(255) NOT NULL,
  `ProjectCount` int(11) DEFAULT NULL,
  `GroupCode_id` int(11) NOT NULL,
  PRIMARY KEY (`CompanyCode`),
  KEY `SE_server_company_GroupCode_id_64d6bac4_fk_auth_group_id` (`GroupCode_id`),
  CONSTRAINT `SE_server_company_GroupCode_id_64d6bac4_fk_auth_group_id` FOREIGN KEY (`GroupCode_id`) REFERENCES `auth_group` (`id`)
) ENGINE=InnoDB DEFAULT CHARSET=utf8;
/*!40101 SET character_set_client = @saved_cs_client */;

--
-- Dumping data for table `se_server_company`
--

LOCK TABLES `se_server_company` WRITE;
/*!40000 ALTER TABLE `se_server_company` DISABLE KEYS */;
INSERT INTO `se_server_company` VALUES ('AAA','逢甲大學資訊工程學系',0,1),('IECS22001','密碼學',2,57),('IECS2201','密碼學(李榮三老師)',2,63),('IECS2202','密碼學(魏國瑞老師)',2,66);
/*!40000 ALTER TABLE `se_server_company` ENABLE KEYS */;
UNLOCK TABLES;

--
-- Table structure for table `se_server_file`
--

DROP TABLE IF EXISTS `se_server_file`;
/*!40101 SET @saved_cs_client     = @@character_set_client */;
/*!40101 SET character_set_client = utf8 */;
CREATE TABLE `se_server_file` (
  `id` bigint(20) NOT NULL AUTO_INCREMENT,
  `filename` varchar(255) NOT NULL,
  `sender` varchar(255) NOT NULL,
  `filepath` varchar(100) NOT NULL,
  `ProjectCode_id` varchar(50) NOT NULL,
  PRIMARY KEY (`id`),
  KEY `SE_server_file_ProjectCode_id_09c44276_fk_SE_server` (`ProjectCode_id`),
  CONSTRAINT `SE_server_file_ProjectCode_id_09c44276_fk_SE_server` FOREIGN KEY (`ProjectCode_id`) REFERENCES `se_server_project` (`ProjectCode`)
) ENGINE=InnoDB DEFAULT CHARSET=utf8;
/*!40101 SET character_set_client = @saved_cs_client */;

--
-- Dumping data for table `se_server_file`
--

LOCK TABLES `se_server_file` WRITE;
/*!40000 ALTER TABLE `se_server_file` DISABLE KEYS */;
/*!40000 ALTER TABLE `se_server_file` ENABLE KEYS */;
UNLOCK TABLES;

--
-- Table structure for table `se_server_maillist`
--

DROP TABLE IF EXISTS `se_server_maillist`;
/*!40101 SET @saved_cs_client     = @@character_set_client */;
/*!40101 SET character_set_client = utf8 */;
CREATE TABLE `se_server_maillist` (
  `id` bigint(20) NOT NULL AUTO_INCREMENT,
  `MailNumber` varchar(255) NOT NULL,
  `Type` varchar(100) DEFAULT NULL,
  `Title` varchar(255) DEFAULT NULL,
  `Sender` varchar(255) DEFAULT NULL,
  `Sender_Mail` varchar(255) DEFAULT NULL,
  `HasAtt` tinyint(1) DEFAULT NULL,
  `Address` varchar(255) NOT NULL,
  `Open` varchar(255) NOT NULL,
  `Click` varchar(255) NOT NULL,
  `Attachment` varchar(255) DEFAULT NULL,
  `MailTag` varchar(255) DEFAULT NULL,
  `filepath` varchar(100) DEFAULT NULL,
  `AttachmentFile` varchar(100) DEFAULT NULL,
  `ProjectCode_id` varchar(50) NOT NULL,
  PRIMARY KEY (`id`),
  UNIQUE KEY `SE_server_maillist_ProjectCode_id_MailNumber_3ac1b115_uniq` (`ProjectCode_id`,`MailNumber`),
  CONSTRAINT `SE_server_maillist_ProjectCode_id_65a7c5e2_fk_SE_server` FOREIGN KEY (`ProjectCode_id`) REFERENCES `se_server_project` (`ProjectCode`)
) ENGINE=InnoDB AUTO_INCREMENT=88 DEFAULT CHARSET=utf8;
/*!40101 SET character_set_client = @saved_cs_client */;

--
-- Dumping data for table `se_server_maillist`
--

LOCK TABLES `se_server_maillist` WRITE;
/*!40000 ALTER TABLE `se_server_maillist` DISABLE KEYS */;
INSERT INTO `se_server_maillist` VALUES (64,'Mail1',NULL,'蝦皮精選特賣商品','蝦皮購物','shopee@shoppee.com',1,'/shopee/','logo.PNG','index.html','att1-1.html','第一封','MailFile/Sample/shopee.html','MailFile/Sample/shopee.zip','IECS220012022P01'),(65,'Mail2',NULL,'8大通路開賣快篩地點','聯合新聞網','udn@udn.org',1,'/udn/','title.jpg','6298358.html','att1-2.html','第二封','MailFile/Sample/udn.html','MailFile/Sample/8place.zip','IECS220012022P01'),(66,'Mail3',NULL,'啦啦隊女神3分鐘超兇上下抖片爆紅','娛樂星聞','star@sten.com',0,'/star/','3650662-PH.jpg','link.html','att3.html','第三封','MailFile/Sample/star.html','MailFile/Sample/att3.html','IECS220012022P01'),(67,'Mail1',NULL,'小茶栽堂2022中秋限定禮盒','小茶栽堂','zenique@zenique.com',1,'/zenique/','title.jpeg','event.html','att2-1.html','第一封','MailFile/Sample/zenique.html','MailFile/Sample/2022event.zip','IECS220012022P02'),(68,'Mail2',NULL,'Security Alert','hacker','bitcoin@bitcoin.org',0,'/bitcoin/','file6593.PNG','alert.html','att2-2.html','第二封','MailFile/Sample/bitcoin.html','MailFile/Sample/att2.html','IECS220012022P02'),(69,'Mail3',NULL,'Netflix資訊更新通知','Netflix','noreply@netflix.com',1,'/netflix/','netflix.png','help_center.html','att2-3.html','第三封','MailFile/Sample/netflix.html','MailFile/Sample/NetflixUpdate.zip','IECS220012022P02'),(76,'Mail1',NULL,'蝦皮精選特賣商品','蝦皮購物','shopee@shoppee.com',1,'/shopee/','logo.PNG','index.html','att1-1.html','第一封','MailFile/Sample/shopee.html','MailFile/Sample/shopee.zip','IECS22012022P01'),(77,'Mail2',NULL,'8大通路開賣快篩地點','聯合新聞網','udn@udn.org',1,'/udn/','title.jpg','6298358.html','att1-2.html','第二封','MailFile/Sample/udn.html','MailFile/Sample/8place.zip','IECS22012022P01'),(78,'Mail3',NULL,'啦啦隊女神3分鐘超兇上下抖片爆紅','娛樂星聞','star@sten.com',0,'/star/','3650662-PH.jpg','link.html','att3.html','第三封','MailFile/Sample/star.html','MailFile/Sample/att3.html','IECS22012022P01'),(79,'Mail1',NULL,'小茶栽堂2022中秋限定禮盒','小茶栽堂','zenique@zenique.com',1,'/zenique/','title.jpeg','event.html','att2-1.html','第一封','MailFile/Sample/zenique.html','MailFile/Sample/2022event.zip','IECS22012022P02'),(80,'Mail2',NULL,'Security Alert','hacker','bitcoin@bitcoin.org',0,'/bitcoin/','file6593.PNG','alert.html','att2-2.html','第二封','MailFile/Sample/bitcoin.html','MailFile/Sample/att2.html','IECS22012022P02'),(81,'Mail3',NULL,'Netflix資訊更新通知','Netflix','noreply@netflix.com',1,'/netflix/','netflix.png','help_center.html','att2-3.html','第三封','MailFile/Sample/netflix.html','MailFile/Sample/NetflixUpdate.zip','IECS22012022P02'),(82,'Mail1',NULL,'蝦皮精選特賣商品','蝦皮購物','shopee@shoppee.com',1,'/shopee/','logo.PNG','index.html','att1-1.html','第一封','MailFile/Sample/shopee.html','MailFile/Sample/shopee.zip','IECS22022022P01'),(83,'Mail2',NULL,'8大通路開賣快篩地點','聯合新聞網','udn@udn.org',1,'/udn/','title.jpg','6298358.html','att1-2.html','第二封','MailFile/Sample/udn.html','MailFile/Sample/8place.zip','IECS22022022P01'),(84,'Mail3',NULL,'啦啦隊女神3分鐘超兇上下抖片爆紅','娛樂星聞','star@sten.com',0,'/star/','3650662-PH.jpg','link.html','att3.html','第三封','MailFile/Sample/star.html','MailFile/Sample/att3.html','IECS22022022P01'),(85,'Mail1',NULL,'小茶栽堂2022中秋限定禮盒','小茶栽堂','zenique@zenique.com',1,'/zenique/','title.jpeg','event.html','att2-1.html','第一封','MailFile/Sample/zenique.html','MailFile/Sample/2022event.zip','IECS22022022P02'),(86,'Mail2',NULL,'Security Alert','hacker','bitcoin@bitcoin.org',0,'/bitcoin/','file6593.PNG','alert.html','att2-2.html','第二封','MailFile/Sample/bitcoin.html','MailFile/Sample/att2.html','IECS22022022P02'),(87,'Mail3',NULL,'Netflix資訊更新通知','Netflix','noreply@netflix.com',1,'/netflix/','netflix.png','help_center.html','att2-3.html','第三封','MailFile/Sample/netflix.html','MailFile/Sample/NetflixUpdate.zip','IECS22022022P02');
/*!40000 ALTER TABLE `se_server_maillist` ENABLE KEYS */;
UNLOCK TABLES;

--
-- Table structure for table `se_server_project`
--

DROP TABLE IF EXISTS `se_server_project`;
/*!40101 SET @saved_cs_client     = @@character_set_client */;
/*!40101 SET character_set_client = utf8 */;
CREATE TABLE `se_server_project` (
  `ProjectCode` varchar(50) NOT NULL,
  `ProjectName` varchar(255) NOT NULL,
  `CalculateStartDate` datetime(6) DEFAULT NULL,
  `CalculateEndDate` datetime(6) DEFAULT NULL,
  `PersonCount` int(11) DEFAULT NULL,
  `UnitList` json DEFAULT NULL,
  `MailCount` int(11) DEFAULT NULL,
  `ProjectResult` json DEFAULT NULL,
  `OpenRecord` json DEFAULT NULL,
  `ClickRecord` json DEFAULT NULL,
  `AttachmentRecord` json DEFAULT NULL,
  `SendRecord` json DEFAULT NULL,
  `lastCalTime` datetime(6) DEFAULT NULL,
  `IgnoreSecond` int(11) DEFAULT NULL,
  `CompanyCode_id` varchar(255) NOT NULL,
  PRIMARY KEY (`ProjectCode`),
  KEY `SE_server_project_CompanyCode_id_620af903_fk_SE_server` (`CompanyCode_id`),
  CONSTRAINT `SE_server_project_CompanyCode_id_620af903_fk_SE_server` FOREIGN KEY (`CompanyCode_id`) REFERENCES `se_server_company` (`CompanyCode`)
) ENGINE=InnoDB DEFAULT CHARSET=utf8;
/*!40101 SET character_set_client = @saved_cs_client */;

--
-- Dumping data for table `se_server_project`
--

LOCK TABLES `se_server_project` WRITE;
/*!40000 ALTER TABLE `se_server_project` DISABLE KEYS */;
INSERT INTO `se_server_project` VALUES ('IECS220012022P01','第一階段演練','2022-07-21 00:00:00.000000','2022-07-28 00:00:00.000000',20,'[\"第10組\", \"第11組\", \"第12組\", \"第13組\", \"第14組\", \"第15組\", \"第16組\", \"第17組\", \"第18組\", \"第19組\", \"第1組\", \"第20組\", \"第2組\", \"第3組\", \"第4組\", \"第5組\", \"第6組\", \"第7組\", \"第8組\", \"第9組\"]',3,'{\"Mail1\": {\"name\": \"第一封\", \"open\": 3, \"click\": 0}, \"Mail2\": {\"name\": \"第二封\", \"open\": 4, \"click\": 0}, \"Mail3\": {\"name\": \"第三封\", \"open\": 3, \"click\": 0}, \"Total\": {\"name\": \"總和\", \"open\": 10, \"click\": 0}}','[{\"open\": {\"Date\": \"2022-07-21 08:22:49\", \"Mail\": \"蝦皮精選特賣商品\", \"Unit\": \"第2組\", \"Email\": \"g02@aaasec.com.tw\", \"Sender\": \"蝦皮購物\"}}, {\"open\": {\"Date\": \"2022-07-21 07:09:29\", \"Mail\": \"啦啦隊女神3分鐘超兇上下抖片爆紅\", \"Unit\": \"第2組\", \"Email\": \"g02@aaasec.com.tw\", \"Sender\": \"娛樂星聞\"}}, {\"open\": {\"Date\": \"2022-07-21 07:02:37\", \"Mail\": \"蝦皮精選特賣商品\", \"Unit\": \"第2組\", \"Email\": \"g02@aaasec.com.tw\", \"Sender\": \"蝦皮購物\"}}, {\"open\": {\"Date\": \"2022-07-21 07:02:34\", \"Mail\": \"啦啦隊女神3分鐘超兇上下抖片爆紅\", \"Unit\": \"第2組\", \"Email\": \"g02@aaasec.com.tw\", \"Sender\": \"娛樂星聞\"}}, {\"open\": {\"Date\": \"2022-07-21 07:02:21\", \"Mail\": \"8大通路開賣快篩地點\", \"Unit\": \"第2組\", \"Email\": \"g02@aaasec.com.tw\", \"Sender\": \"聯合新聞網\"}}, {\"open\": {\"Date\": \"2022-07-21 06:10:55\", \"Mail\": \"8大通路開賣快篩地點\", \"Unit\": \"第1組\", \"Email\": \"std01@iecslab.fcu\", \"Sender\": \"聯合新聞網\"}}, {\"open\": {\"Date\": \"2022-07-21 06:08:02\", \"Mail\": \"8大通路開賣快篩地點\", \"Unit\": \"第1組\", \"Email\": \"std01@iecslab.fcu\", \"Sender\": \"聯合新聞網\"}}, {\"open\": {\"Date\": \"2022-07-21 05:59:24\", \"Mail\": \"8大通路開賣快篩地點\", \"Unit\": \"第1組\", \"Email\": \"std01@iecslab.fcu\", \"Sender\": \"聯合新聞網\"}}, {\"open\": {\"Date\": \"2022-07-21 05:59:20\", \"Mail\": \"啦啦隊女神3分鐘超兇上下抖片爆紅\", \"Unit\": \"第1組\", \"Email\": \"std01@iecslab.fcu\", \"Sender\": \"娛樂星聞\"}}, {\"open\": {\"Date\": \"2022-07-21 05:58:53\", \"Mail\": \"蝦皮精選特賣商品\", \"Unit\": \"第1組\", \"Email\": \"std01@iecslab.fcu\", \"Sender\": \"蝦皮購物\"}}]',NULL,NULL,'[{\"send\": {\"send_mail\": [64, 65, 66], \"send_user\": \"iecs_teacher@aaasec.com.tw\", \"send_member\": [563], \"send_date_time\": \"2022-07-21 07:02:03\"}}, {\"send\": {\"send_mail\": [64], \"send_user\": \"aaasec@aaasec.com.tw\", \"send_member\": [561], \"send_date_time\": \"2022-07-21 07:32:30\"}}, {\"send\": {\"send_mail\": [64, 65, 66], \"send_user\": \"aaasec@aaasec.com.tw\", \"send_member\": [563], \"send_date_time\": \"2022-07-21 08:22:35\"}}, {\"send\": {\"send_mail\": [64, 65, 66], \"send_user\": \"aaasec@aaasec.com.tw\", \"send_member\": [563], \"send_date_time\": \"2022-07-21 09:44:41\"}}, {\"send\": {\"send_mail\": [64], \"send_user\": \"system@iecslab.fcu\", \"send_member\": [563], \"send_date_time\": \"2022-07-26 17:33:32\"}}, {\"send\": {\"send_mail\": [64, 65, 66], \"send_user\": \"admin@iecslab.fcu\", \"send_member\": [561], \"send_date_time\": \"2022-12-23 12:02:02\"}}, {\"send\": {\"send_mail\": [64, 65, 66], \"send_user\": \"admin@iecslab.fcu\", \"send_member\": [561], \"send_date_time\": \"2022-12-23 13:21:13\"}}]','2022-07-21 01:24:43.680539',60,'IECS22001'),('IECS220012022P02','第二階段演練','2022-07-21 00:00:00.638431','2022-07-28 00:00:00.638431',20,'[\"第10組\", \"第11組\", \"第12組\", \"第13組\", \"第14組\", \"第15組\", \"第16組\", \"第17組\", \"第18組\", \"第19組\", \"第1組\", \"第20組\", \"第2組\", \"第3組\", \"第4組\", \"第5組\", \"第6組\", \"第7組\", \"第8組\", \"第9組\"]',3,'{\"Mail1\": {\"name\": \"第一封\", \"open\": 4, \"click\": 0}, \"Mail2\": {\"name\": \"第二封\", \"open\": 3, \"click\": 1}, \"Mail3\": {\"name\": \"第三封\", \"open\": 5, \"click\": 0}, \"Total\": {\"name\": \"總和\", \"open\": 12, \"click\": 1}}','[{\"open\": {\"Date\": \"2022-07-21 08:23:10\", \"Mail\": \"Netflix資訊更新通知\", \"Unit\": \"第2組\", \"Email\": \"g02@aaasec.com.tw\", \"Sender\": \"Netflix\"}}, {\"open\": {\"Date\": \"2022-07-21 08:23:09\", \"Mail\": \"小茶栽堂2022中秋限定禮盒\", \"Unit\": \"第2組\", \"Email\": \"g02@aaasec.com.tw\", \"Sender\": \"小茶栽堂\"}}, {\"open\": {\"Date\": \"2022-07-21 08:23:09\", \"Mail\": \"Security Alert\", \"Unit\": \"第2組\", \"Email\": \"g02@aaasec.com.tw\", \"Sender\": \"hacker\"}}, {\"open\": {\"Date\": \"2022-07-21 07:51:33\", \"Mail\": \"小茶栽堂2022中秋限定禮盒\", \"Unit\": \"第2組\", \"Email\": \"g02@aaasec.com.tw\", \"Sender\": \"小茶栽堂\"}}, {\"open\": {\"Date\": \"2022-07-21 07:45:56\", \"Mail\": \"Netflix資訊更新通知\", \"Unit\": \"第2組\", \"Email\": \"g02@aaasec.com.tw\", \"Sender\": \"Netflix\"}}, {\"open\": {\"Date\": \"2022-07-21 07:45:55\", \"Mail\": \"Security Alert\", \"Unit\": \"第2組\", \"Email\": \"g02@aaasec.com.tw\", \"Sender\": \"hacker\"}}, {\"open\": {\"Date\": \"2022-07-21 07:08:56\", \"Mail\": \"Netflix資訊更新通知\", \"Unit\": \"第2組\", \"Email\": \"g02@aaasec.com.tw\", \"Sender\": \"Netflix\"}}, {\"open\": {\"Date\": \"2022-07-21 07:06:53\", \"Mail\": \"Security Alert\", \"Unit\": \"第2組\", \"Email\": \"g02@aaasec.com.tw\", \"Sender\": \"hacker\"}}, {\"open\": {\"Date\": \"2022-07-21 07:06:48\", \"Mail\": \"小茶栽堂2022中秋限定禮盒\", \"Unit\": \"第2組\", \"Email\": \"g02@aaasec.com.tw\", \"Sender\": \"小茶栽堂\"}}, {\"open\": {\"Date\": \"2022-07-21 07:06:22\", \"Mail\": \"Netflix資訊更新通知\", \"Unit\": \"第2組\", \"Email\": \"g02@aaasec.com.tw\", \"Sender\": \"Netflix\"}}, {\"open\": {\"Date\": \"2022-07-21 06:33:09\", \"Mail\": \"小茶栽堂2022中秋限定禮盒\", \"Unit\": \"第1組\", \"Email\": \"std01@iecslab.fcu\", \"Sender\": \"小茶栽堂\"}}, {\"open\": {\"Date\": \"2022-07-21 06:32:47\", \"Mail\": \"Netflix資訊更新通知\", \"Unit\": \"第1組\", \"Email\": \"std01@iecslab.fcu\", \"Sender\": \"Netflix\"}}]','[{\"click\": {\"Date\": \"2022-07-21 07:07:03\", \"Mail\": \"Security Alert\", \"Unit\": \"第2組\", \"Email\": \"g02@aaasec.com.tw\", \"Sender\": \"hacker\"}}]',NULL,'[{\"send\": {\"send_mail\": [67, 68, 69], \"send_user\": \"iecs_teacher@aaasec.com.tw\", \"send_member\": [564], \"send_date_time\": \"2022-07-21 07:05:54\"}}, {\"send\": {\"send_mail\": [67, 68, 69], \"send_user\": \"aaasec@aaasec.com.tw\", \"send_member\": [564], \"send_date_time\": \"2022-07-21 07:37:48\"}}, {\"send\": {\"send_mail\": [67, 68, 69], \"send_user\": \"aaasec@aaasec.com.tw\", \"send_member\": [564], \"send_date_time\": \"2022-07-21 07:51:31\"}}, {\"send\": {\"send_mail\": [67, 68, 69], \"send_user\": \"aaasec@aaasec.com.tw\", \"send_member\": [564], \"send_date_time\": \"2022-07-21 08:12:05\"}}, {\"send\": {\"send_mail\": [67, 68, 69], \"send_user\": \"aaasec@aaasec.com.tw\", \"send_member\": [564], \"send_date_time\": \"2022-07-21 08:18:36\"}}, {\"send\": {\"send_mail\": [67, 68, 69], \"send_user\": \"aaasec@aaasec.com.tw\", \"send_member\": [564], \"send_date_time\": \"2022-07-21 08:21:33\"}}, {\"send\": {\"send_mail\": [67, 68, 69], \"send_user\": \"aaasec@aaasec.com.tw\", \"send_member\": [564], \"send_date_time\": \"2022-07-21 09:47:17\"}}, {\"send\": {\"send_mail\": [67, 68, 69], \"send_user\": \"admin@iecslab.fcu\", \"send_member\": [562], \"send_date_time\": \"2022-12-23 12:13:15\"}}, {\"send\": {\"send_mail\": [67, 68, 69], \"send_user\": \"admin@iecslab.fcu\", \"send_member\": [562], \"send_date_time\": \"2022-12-23 12:18:49\"}}, {\"send\": {\"send_mail\": [67, 68, 69], \"send_user\": \"admin@iecslab.fcu\", \"send_member\": [562], \"send_date_time\": \"2022-12-23 12:20:18\"}}, {\"send\": {\"send_mail\": [67, 68, 69], \"send_user\": \"admin@iecslab.fcu\", \"send_member\": [562], \"send_date_time\": \"2022-12-23 13:27:55\"}}]','2022-07-21 01:24:43.680539',60,'IECS22001'),('IECS22012022P01','第一階段演練','2022-12-23 00:00:00.258594','2022-12-30 00:00:00.258594',20,'[\"第10組\", \"第11組\", \"第12組\", \"第13組\", \"第14組\", \"第15組\", \"第16組\", \"第17組\", \"第18組\", \"第19組\", \"第1組\", \"第20組\", \"第2組\", \"第3組\", \"第4組\", \"第5組\", \"第6組\", \"第7組\", \"第8組\", \"第9組\"]',3,NULL,NULL,NULL,NULL,NULL,NULL,60,'IECS2201'),('IECS22012022P02','第二階段演練','2022-12-23 00:00:00.258594','2022-12-30 00:00:00.258594',NULL,NULL,NULL,NULL,NULL,NULL,NULL,NULL,NULL,60,'IECS2201'),('IECS22022022P01','第一階段演練','2022-12-23 00:00:00.504557','2022-12-30 00:00:00.504557',NULL,NULL,NULL,NULL,NULL,NULL,NULL,NULL,NULL,60,'IECS2202'),('IECS22022022P02','第二階段演練','2022-12-23 00:00:00.504557','2022-12-30 00:00:00.504557',NULL,NULL,NULL,NULL,NULL,NULL,NULL,NULL,NULL,60,'IECS2202');
/*!40000 ALTER TABLE `se_server_project` ENABLE KEYS */;
UNLOCK TABLES;

--
-- Table structure for table `se_server_reportbackrecord`
--

DROP TABLE IF EXISTS `se_server_reportbackrecord`;
/*!40101 SET @saved_cs_client     = @@character_set_client */;
/*!40101 SET character_set_client = utf8 */;
CREATE TABLE `se_server_reportbackrecord` (
  `id` bigint(20) NOT NULL AUTO_INCREMENT,
  `group_code` varchar(255) NOT NULL,
  `group_name` varchar(255) NOT NULL,
  `content` varchar(255) DEFAULT NULL,
  `report_ime` datetime(6) NOT NULL,
  `company_id` varchar(255) NOT NULL,
  `check_result` tinyint(1) DEFAULT NULL,
  PRIMARY KEY (`id`),
  KEY `SE_server_reportback_company_id_4ffbba24_fk_SE_server` (`company_id`),
  CONSTRAINT `SE_server_reportback_company_id_4ffbba24_fk_SE_server` FOREIGN KEY (`company_id`) REFERENCES `se_server_company` (`CompanyCode`)
) ENGINE=InnoDB AUTO_INCREMENT=28 DEFAULT CHARSET=utf8;
/*!40101 SET character_set_client = @saved_cs_client */;

--
-- Dumping data for table `se_server_reportbackrecord`
--

LOCK TABLES `se_server_reportbackrecord` WRITE;
/*!40000 ALTER TABLE `se_server_reportbackrecord` DISABLE KEYS */;
INSERT INTO `se_server_reportbackrecord` VALUES (20,'IECS22001_std','第01組','測試!','2022-07-26 10:02:09.945129','IECS22001',0),(21,'IECS22001_std','第01組','123','2022-07-26 10:02:37.022914','IECS22001',0),(23,'IECS22001_std','第03組','小茶栽堂2022中秋限定禮盒','2022-07-26 10:11:03.374356','IECS22001',1),(24,'IECS22001_std','第03組','Security Alert','2022-07-26 10:46:23.202411','IECS22001',1),(25,'IECS22001_std','第04組','Netflix資訊更新通知','2022-07-26 10:49:02.890546','IECS22001',1),(26,'IECS22001_std','第03組','Netflix資訊更新通知','2022-07-26 11:01:56.235382','IECS22001',1),(27,'IECS22001_std','第01組','Netflix資訊更新通知','2022-12-23 04:50:01.019471','IECS22001',1);
/*!40000 ALTER TABLE `se_server_reportbackrecord` ENABLE KEYS */;
UNLOCK TABLES;

--
-- Table structure for table `se_server_score`
--

DROP TABLE IF EXISTS `se_server_score`;
/*!40101 SET @saved_cs_client     = @@character_set_client */;
/*!40101 SET character_set_client = utf8 */;
CREATE TABLE `se_server_score` (
  `id` bigint(20) NOT NULL AUTO_INCREMENT,
  `group_code` varchar(255) NOT NULL,
  `mail1` int(11) DEFAULT NULL,
  `mail2` int(11) DEFAULT NULL,
  `mail3` int(11) DEFAULT NULL,
  `company_id` varchar(255) NOT NULL,
  `group_name` varchar(255) NOT NULL,
  PRIMARY KEY (`id`),
  KEY `SE_server_score_company_id_377a8f1b_fk_SE_server` (`company_id`),
  CONSTRAINT `SE_server_score_company_id_377a8f1b_fk_SE_server` FOREIGN KEY (`company_id`) REFERENCES `se_server_company` (`CompanyCode`)
) ENGINE=InnoDB AUTO_INCREMENT=241 DEFAULT CHARSET=utf8;
/*!40101 SET character_set_client = @saved_cs_client */;

--
-- Dumping data for table `se_server_score`
--

LOCK TABLES `se_server_score` WRITE;
/*!40000 ALTER TABLE `se_server_score` DISABLE KEYS */;
INSERT INTO `se_server_score` VALUES (161,'IECS22001_std',NULL,NULL,90,'IECS22001','第01組'),(162,'IECS22001_std',NULL,NULL,NULL,'IECS22001','第02組'),(163,'IECS22001_std',100,100,95,'IECS22001','第03組'),(164,'IECS22001_std',NULL,NULL,100,'IECS22001','第04組'),(165,'IECS22001_std',NULL,NULL,NULL,'IECS22001','第05組'),(166,'IECS22001_std',NULL,NULL,NULL,'IECS22001','第06組'),(167,'IECS22001_std',NULL,NULL,NULL,'IECS22001','第07組'),(168,'IECS22001_std',NULL,NULL,NULL,'IECS22001','第08組'),(169,'IECS22001_std',NULL,NULL,NULL,'IECS22001','第09組'),(170,'IECS22001_std',NULL,NULL,NULL,'IECS22001','第10組'),(171,'IECS22001_std',NULL,NULL,NULL,'IECS22001','第11組'),(172,'IECS22001_std',NULL,NULL,NULL,'IECS22001','第12組'),(173,'IECS22001_std',NULL,NULL,NULL,'IECS22001','第13組'),(174,'IECS22001_std',NULL,NULL,NULL,'IECS22001','第14組'),(175,'IECS22001_std',NULL,NULL,NULL,'IECS22001','第15組'),(176,'IECS22001_std',NULL,NULL,NULL,'IECS22001','第16組'),(177,'IECS22001_std',NULL,NULL,NULL,'IECS22001','第17組'),(178,'IECS22001_std',NULL,NULL,NULL,'IECS22001','第18組'),(179,'IECS22001_std',NULL,NULL,NULL,'IECS22001','第19組'),(180,'IECS22001_std',NULL,NULL,NULL,'IECS22001','第20組'),(201,'IECS2201_std',NULL,NULL,NULL,'IECS2201','第01組'),(202,'IECS2201_std',NULL,NULL,NULL,'IECS2201','第02組'),(203,'IECS2201_std',NULL,NULL,NULL,'IECS2201','第03組'),(204,'IECS2201_std',NULL,NULL,NULL,'IECS2201','第04組'),(205,'IECS2201_std',NULL,NULL,NULL,'IECS2201','第05組'),(206,'IECS2201_std',NULL,NULL,NULL,'IECS2201','第06組'),(207,'IECS2201_std',NULL,NULL,NULL,'IECS2201','第07組'),(208,'IECS2201_std',NULL,NULL,NULL,'IECS2201','第08組'),(209,'IECS2201_std',NULL,NULL,NULL,'IECS2201','第09組'),(210,'IECS2201_std',NULL,NULL,NULL,'IECS2201','第10組'),(211,'IECS2201_std',NULL,NULL,NULL,'IECS2201','第11組'),(212,'IECS2201_std',NULL,NULL,NULL,'IECS2201','第12組'),(213,'IECS2201_std',NULL,NULL,NULL,'IECS2201','第13組'),(214,'IECS2201_std',NULL,NULL,NULL,'IECS2201','第14組'),(215,'IECS2201_std',NULL,NULL,NULL,'IECS2201','第15組'),(216,'IECS2201_std',NULL,NULL,NULL,'IECS2201','第16組'),(217,'IECS2201_std',NULL,NULL,NULL,'IECS2201','第17組'),(218,'IECS2201_std',NULL,NULL,NULL,'IECS2201','第18組'),(219,'IECS2201_std',NULL,NULL,NULL,'IECS2201','第19組'),(220,'IECS2201_std',NULL,NULL,NULL,'IECS2201','第20組'),(221,'IECS2202_std',NULL,NULL,NULL,'IECS2202','第01組'),(222,'IECS2202_std',NULL,NULL,NULL,'IECS2202','第02組'),(223,'IECS2202_std',NULL,NULL,NULL,'IECS2202','第03組'),(224,'IECS2202_std',NULL,NULL,NULL,'IECS2202','第04組'),(225,'IECS2202_std',NULL,NULL,NULL,'IECS2202','第05組'),(226,'IECS2202_std',NULL,NULL,NULL,'IECS2202','第06組'),(227,'IECS2202_std',NULL,NULL,NULL,'IECS2202','第07組'),(228,'IECS2202_std',NULL,NULL,NULL,'IECS2202','第08組'),(229,'IECS2202_std',NULL,NULL,NULL,'IECS2202','第09組'),(230,'IECS2202_std',NULL,NULL,NULL,'IECS2202','第10組'),(231,'IECS2202_std',NULL,NULL,NULL,'IECS2202','第11組'),(232,'IECS2202_std',NULL,NULL,NULL,'IECS2202','第12組'),(233,'IECS2202_std',NULL,NULL,NULL,'IECS2202','第13組'),(234,'IECS2202_std',NULL,NULL,NULL,'IECS2202','第14組'),(235,'IECS2202_std',NULL,NULL,NULL,'IECS2202','第15組'),(236,'IECS2202_std',NULL,NULL,NULL,'IECS2202','第16組'),(237,'IECS2202_std',NULL,NULL,NULL,'IECS2202','第17組'),(238,'IECS2202_std',NULL,NULL,NULL,'IECS2202','第18組'),(239,'IECS2202_std',NULL,NULL,NULL,'IECS2202','第19組'),(240,'IECS2202_std',NULL,NULL,NULL,'IECS2202','第20組');
/*!40000 ALTER TABLE `se_server_score` ENABLE KEYS */;
UNLOCK TABLES;

--
-- Table structure for table `se_server_testmemberlist`
--

DROP TABLE IF EXISTS `se_server_testmemberlist`;
/*!40101 SET @saved_cs_client     = @@character_set_client */;
/*!40101 SET character_set_client = utf8 */;
CREATE TABLE `se_server_testmemberlist` (
  `id` bigint(20) NOT NULL AUTO_INCREMENT,
  `Unit` varchar(10) DEFAULT NULL,
  `UnitName` varchar(255) DEFAULT NULL,
  `MemberNumber` varchar(10) NOT NULL,
  `UUID` varchar(20) DEFAULT NULL,
  `Email` varchar(254) NOT NULL,
  `Result` json DEFAULT NULL,
  `ProjectCode_id` varchar(50) NOT NULL,
  PRIMARY KEY (`id`),
  UNIQUE KEY `SE_server_testmemberlist_ProjectCode_id_MemberNum_a521826a_uniq` (`ProjectCode_id`,`MemberNumber`),
  UNIQUE KEY `SE_server_testmemberlist_ProjectCode_id_Email_a1491042_uniq` (`ProjectCode_id`,`Email`),
  CONSTRAINT `SE_server_testmember_ProjectCode_id_9e47004c_fk_SE_server` FOREIGN KEY (`ProjectCode_id`) REFERENCES `se_server_project` (`ProjectCode`)
) ENGINE=InnoDB AUTO_INCREMENT=721 DEFAULT CHARSET=utf8;
/*!40101 SET character_set_client = @saved_cs_client */;

--
-- Dumping data for table `se_server_testmemberlist`
--

LOCK TABLES `se_server_testmemberlist` WRITE;
/*!40000 ALTER TABLE `se_server_testmemberlist` DISABLE KEYS */;
INSERT INTO `se_server_testmemberlist` VALUES (561,'A11','第1組','G01','IEA01G014B9','g01@aaasec.com.tw','{\"Mail1\": {\"name\": \"第一封\", \"open\": 1, \"click\": 0}, \"Mail2\": {\"name\": \"第二封\", \"open\": 3, \"click\": 0}, \"Mail3\": {\"name\": \"第三封\", \"open\": 1, \"click\": 0}, \"Total\": {\"name\": \"總和\", \"open\": 0, \"click\": 0}}','IECS220012022P01'),(562,'A11','第1組','G01','IEA01G01B78','g01@aaasec.com.tw','{\"Mail1\": {\"name\": \"第一封\", \"open\": 1, \"click\": 0}, \"Mail2\": {\"name\": \"第二封\", \"open\": 0, \"click\": 0}, \"Mail3\": {\"name\": \"第三封\", \"open\": 1, \"click\": 0}, \"Total\": {\"name\": \"總和\", \"open\": 0, \"click\": 0}}','IECS220012022P02'),(563,'A13','第2組','G02','IEA02G021CA','std02@iecslab.fcu','{\"Mail1\": {\"name\": \"第一封\", \"open\": 2, \"click\": 0}, \"Mail2\": {\"name\": \"第二封\", \"open\": 1, \"click\": 0}, \"Mail3\": {\"name\": \"第三封\", \"open\": 2, \"click\": 0}, \"Total\": {\"name\": \"總和\", \"open\": 0, \"click\": 0}}','IECS220012022P01'),(564,'A13','第2組','G02','IEA02G02B64','std02@iecslab.fcu','{\"Mail1\": {\"name\": \"第一封\", \"open\": 3, \"click\": 0}, \"Mail2\": {\"name\": \"第二封\", \"open\": 3, \"click\": 1}, \"Mail3\": {\"name\": \"第三封\", \"open\": 4, \"click\": 0}, \"Total\": {\"name\": \"總和\", \"open\": 0, \"click\": 0}}','IECS220012022P02'),(565,'A14','第3組','G03','IEA03G0358D','std03@iecslab.fcu','{\"Mail1\": {\"name\": \"第一封\", \"open\": 0, \"click\": 0}, \"Mail2\": {\"name\": \"第二封\", \"open\": 0, \"click\": 0}, \"Mail3\": {\"name\": \"第三封\", \"open\": 0, \"click\": 0}, \"Total\": {\"name\": \"總和\", \"open\": 0, \"click\": 0}}','IECS220012022P01'),(566,'A14','第3組','G03','IEA03G030B5','std03@iecslab.fcu','{\"Mail1\": {\"name\": \"第一封\", \"open\": 0, \"click\": 0}, \"Mail2\": {\"name\": \"第二封\", \"open\": 0, \"click\": 0}, \"Mail3\": {\"name\": \"第三封\", \"open\": 0, \"click\": 0}, \"Total\": {\"name\": \"總和\", \"open\": 0, \"click\": 0}}','IECS220012022P02'),(567,'A15','第4組','G04','IEA04G04A85','std04@iecslab.fcu','{\"Mail1\": {\"name\": \"第一封\", \"open\": 0, \"click\": 0}, \"Mail2\": {\"name\": \"第二封\", \"open\": 0, \"click\": 0}, \"Mail3\": {\"name\": \"第三封\", \"open\": 0, \"click\": 0}, \"Total\": {\"name\": \"總和\", \"open\": 0, \"click\": 0}}','IECS220012022P01'),(568,'A15','第4組','G04','IEA04G049F8','std04@iecslab.fcu','{\"Mail1\": {\"name\": \"第一封\", \"open\": 0, \"click\": 0}, \"Mail2\": {\"name\": \"第二封\", \"open\": 0, \"click\": 0}, \"Mail3\": {\"name\": \"第三封\", \"open\": 0, \"click\": 0}, \"Total\": {\"name\": \"總和\", \"open\": 0, \"click\": 0}}','IECS220012022P02'),(569,'A16','第5組','G05','IEA05G056B3','std05@iecslab.fcu','{\"Mail1\": {\"name\": \"第一封\", \"open\": 0, \"click\": 0}, \"Mail2\": {\"name\": \"第二封\", \"open\": 0, \"click\": 0}, \"Mail3\": {\"name\": \"第三封\", \"open\": 0, \"click\": 0}, \"Total\": {\"name\": \"總和\", \"open\": 0, \"click\": 0}}','IECS220012022P01'),(570,'A16','第5組','G05','IEA05G058C4','std05@iecslab.fcu','{\"Mail1\": {\"name\": \"第一封\", \"open\": 0, \"click\": 0}, \"Mail2\": {\"name\": \"第二封\", \"open\": 0, \"click\": 0}, \"Mail3\": {\"name\": \"第三封\", \"open\": 0, \"click\": 0}, \"Total\": {\"name\": \"總和\", \"open\": 0, \"click\": 0}}','IECS220012022P02'),(571,'A17','第6組','G06','IEA06G064C7','std06@iecslab.fcu','{\"Mail1\": {\"name\": \"第一封\", \"open\": 0, \"click\": 0}, \"Mail2\": {\"name\": \"第二封\", \"open\": 0, \"click\": 0}, \"Mail3\": {\"name\": \"第三封\", \"open\": 0, \"click\": 0}, \"Total\": {\"name\": \"總和\", \"open\": 0, \"click\": 0}}','IECS220012022P01'),(572,'A17','第6組','G06','IEA06G06FAA','std06@iecslab.fcu','{\"Mail1\": {\"name\": \"第一封\", \"open\": 0, \"click\": 0}, \"Mail2\": {\"name\": \"第二封\", \"open\": 0, \"click\": 0}, \"Mail3\": {\"name\": \"第三封\", \"open\": 0, \"click\": 0}, \"Total\": {\"name\": \"總和\", \"open\": 0, \"click\": 0}}','IECS220012022P02'),(573,'A18','第7組','G07','IEA07G075E5','std07@iecslab.fcu','{\"Mail1\": {\"name\": \"第一封\", \"open\": 0, \"click\": 0}, \"Mail2\": {\"name\": \"第二封\", \"open\": 0, \"click\": 0}, \"Mail3\": {\"name\": \"第三封\", \"open\": 0, \"click\": 0}, \"Total\": {\"name\": \"總和\", \"open\": 0, \"click\": 0}}','IECS220012022P01'),(574,'A18','第7組','G07','IEA07G071DC','std07@iecslab.fcu','{\"Mail1\": {\"name\": \"第一封\", \"open\": 0, \"click\": 0}, \"Mail2\": {\"name\": \"第二封\", \"open\": 0, \"click\": 0}, \"Mail3\": {\"name\": \"第三封\", \"open\": 0, \"click\": 0}, \"Total\": {\"name\": \"總和\", \"open\": 0, \"click\": 0}}','IECS220012022P02'),(575,'A19','第8組','G08','IEA08G08551','std08@iecslab.fcu','{\"Mail1\": {\"name\": \"第一封\", \"open\": 0, \"click\": 0}, \"Mail2\": {\"name\": \"第二封\", \"open\": 0, \"click\": 0}, \"Mail3\": {\"name\": \"第三封\", \"open\": 0, \"click\": 0}, \"Total\": {\"name\": \"總和\", \"open\": 0, \"click\": 0}}','IECS220012022P01'),(576,'A19','第8組','G08','IEA08G080CB','std08@iecslab.fcu','{\"Mail1\": {\"name\": \"第一封\", \"open\": 0, \"click\": 0}, \"Mail2\": {\"name\": \"第二封\", \"open\": 0, \"click\": 0}, \"Mail3\": {\"name\": \"第三封\", \"open\": 0, \"click\": 0}, \"Total\": {\"name\": \"總和\", \"open\": 0, \"click\": 0}}','IECS220012022P02'),(577,'A20','第9組','G09','IEA09G096BF','std09@iecslab.fcu','{\"Mail1\": {\"name\": \"第一封\", \"open\": 0, \"click\": 0}, \"Mail2\": {\"name\": \"第二封\", \"open\": 0, \"click\": 0}, \"Mail3\": {\"name\": \"第三封\", \"open\": 0, \"click\": 0}, \"Total\": {\"name\": \"總和\", \"open\": 0, \"click\": 0}}','IECS220012022P01'),(578,'A20','第9組','G09','IEA09G0985F','std09@iecslab.fcu','{\"Mail1\": {\"name\": \"第一封\", \"open\": 0, \"click\": 0}, \"Mail2\": {\"name\": \"第二封\", \"open\": 0, \"click\": 0}, \"Mail3\": {\"name\": \"第三封\", \"open\": 0, \"click\": 0}, \"Total\": {\"name\": \"總和\", \"open\": 0, \"click\": 0}}','IECS220012022P02'),(579,'A01','第10組','G10','IEA10G10AF8','std10@iecslab.fcu','{\"Mail1\": {\"name\": \"第一封\", \"open\": 0, \"click\": 0}, \"Mail2\": {\"name\": \"第二封\", \"open\": 0, \"click\": 0}, \"Mail3\": {\"name\": \"第三封\", \"open\": 0, \"click\": 0}, \"Total\": {\"name\": \"總和\", \"open\": 0, \"click\": 0}}','IECS220012022P01'),(580,'A01','第10組','G10','IEA10G100A1','std10@iecslab.fcu','{\"Mail1\": {\"name\": \"第一封\", \"open\": 0, \"click\": 0}, \"Mail2\": {\"name\": \"第二封\", \"open\": 0, \"click\": 0}, \"Mail3\": {\"name\": \"第三封\", \"open\": 0, \"click\": 0}, \"Total\": {\"name\": \"總和\", \"open\": 0, \"click\": 0}}','IECS220012022P02'),(581,'A02','第11組','G11','IEA11G11783','std11@iecslab.fcu','{\"Mail1\": {\"name\": \"第一封\", \"open\": 0, \"click\": 0}, \"Mail2\": {\"name\": \"第二封\", \"open\": 0, \"click\": 0}, \"Mail3\": {\"name\": \"第三封\", \"open\": 0, \"click\": 0}, \"Total\": {\"name\": \"總和\", \"open\": 0, \"click\": 0}}','IECS220012022P01'),(582,'A02','第11組','G11','IEA11G11FF6','std11@iecslab.fcu','{\"Mail1\": {\"name\": \"第一封\", \"open\": 0, \"click\": 0}, \"Mail2\": {\"name\": \"第二封\", \"open\": 0, \"click\": 0}, \"Mail3\": {\"name\": \"第三封\", \"open\": 0, \"click\": 0}, \"Total\": {\"name\": \"總和\", \"open\": 0, \"click\": 0}}','IECS220012022P02'),(583,'A03','第12組','G12','IEA12G1240F','std12@iecslab.fcu','{\"Mail1\": {\"name\": \"第一封\", \"open\": 0, \"click\": 0}, \"Mail2\": {\"name\": \"第二封\", \"open\": 0, \"click\": 0}, \"Mail3\": {\"name\": \"第三封\", \"open\": 0, \"click\": 0}, \"Total\": {\"name\": \"總和\", \"open\": 0, \"click\": 0}}','IECS220012022P01'),(584,'A03','第12組','G12','IEA12G12947','std12@iecslab.fcu','{\"Mail1\": {\"name\": \"第一封\", \"open\": 0, \"click\": 0}, \"Mail2\": {\"name\": \"第二封\", \"open\": 0, \"click\": 0}, \"Mail3\": {\"name\": \"第三封\", \"open\": 0, \"click\": 0}, \"Total\": {\"name\": \"總和\", \"open\": 0, \"click\": 0}}','IECS220012022P02'),(585,'A04','第13組','G13','IEA13G133B9','std13@iecslab.fcu','{\"Mail1\": {\"name\": \"第一封\", \"open\": 0, \"click\": 0}, \"Mail2\": {\"name\": \"第二封\", \"open\": 0, \"click\": 0}, \"Mail3\": {\"name\": \"第三封\", \"open\": 0, \"click\": 0}, \"Total\": {\"name\": \"總和\", \"open\": 0, \"click\": 0}}','IECS220012022P01'),(586,'A04','第13組','G13','IEA13G13DEE','std13@iecslab.fcu','{\"Mail1\": {\"name\": \"第一封\", \"open\": 0, \"click\": 0}, \"Mail2\": {\"name\": \"第二封\", \"open\": 0, \"click\": 0}, \"Mail3\": {\"name\": \"第三封\", \"open\": 0, \"click\": 0}, \"Total\": {\"name\": \"總和\", \"open\": 0, \"click\": 0}}','IECS220012022P02'),(587,'A05','第14組','G14','IEA14G141B6','std14@iecslab.fcu','{\"Mail1\": {\"name\": \"第一封\", \"open\": 0, \"click\": 0}, \"Mail2\": {\"name\": \"第二封\", \"open\": 0, \"click\": 0}, \"Mail3\": {\"name\": \"第三封\", \"open\": 0, \"click\": 0}, \"Total\": {\"name\": \"總和\", \"open\": 0, \"click\": 0}}','IECS220012022P01'),(588,'A05','第14組','G14','IEA14G148F4','std14@iecslab.fcu','{\"Mail1\": {\"name\": \"第一封\", \"open\": 0, \"click\": 0}, \"Mail2\": {\"name\": \"第二封\", \"open\": 0, \"click\": 0}, \"Mail3\": {\"name\": \"第三封\", \"open\": 0, \"click\": 0}, \"Total\": {\"name\": \"總和\", \"open\": 0, \"click\": 0}}','IECS220012022P02'),(589,'A06','第15組','G15','IEA15G15EA1','std15@iecslab.fcu','{\"Mail1\": {\"name\": \"第一封\", \"open\": 0, \"click\": 0}, \"Mail2\": {\"name\": \"第二封\", \"open\": 0, \"click\": 0}, \"Mail3\": {\"name\": \"第三封\", \"open\": 0, \"click\": 0}, \"Total\": {\"name\": \"總和\", \"open\": 0, \"click\": 0}}','IECS220012022P01'),(590,'A06','第15組','G15','IEA15G15849','std15@iecslab.fcu','{\"Mail1\": {\"name\": \"第一封\", \"open\": 0, \"click\": 0}, \"Mail2\": {\"name\": \"第二封\", \"open\": 0, \"click\": 0}, \"Mail3\": {\"name\": \"第三封\", \"open\": 0, \"click\": 0}, \"Total\": {\"name\": \"總和\", \"open\": 0, \"click\": 0}}','IECS220012022P02'),(591,'A07','第16組','G16','IEA16G1681B','std16@iecslab.fcu','{\"Mail1\": {\"name\": \"第一封\", \"open\": 0, \"click\": 0}, \"Mail2\": {\"name\": \"第二封\", \"open\": 0, \"click\": 0}, \"Mail3\": {\"name\": \"第三封\", \"open\": 0, \"click\": 0}, \"Total\": {\"name\": \"總和\", \"open\": 0, \"click\": 0}}','IECS220012022P01'),(592,'A07','第16組','G16','IEA16G16DDE','std16@iecslab.fcu','{\"Mail1\": {\"name\": \"第一封\", \"open\": 0, \"click\": 0}, \"Mail2\": {\"name\": \"第二封\", \"open\": 0, \"click\": 0}, \"Mail3\": {\"name\": \"第三封\", \"open\": 0, \"click\": 0}, \"Total\": {\"name\": \"總和\", \"open\": 0, \"click\": 0}}','IECS220012022P02'),(593,'A08','第17組','G17','IEA17G17D71','std17@iecslab.fcu','{\"Mail1\": {\"name\": \"第一封\", \"open\": 0, \"click\": 0}, \"Mail2\": {\"name\": \"第二封\", \"open\": 0, \"click\": 0}, \"Mail3\": {\"name\": \"第三封\", \"open\": 0, \"click\": 0}, \"Total\": {\"name\": \"總和\", \"open\": 0, \"click\": 0}}','IECS220012022P01'),(594,'A08','第17組','G17','IEA17G178F8','std17@iecslab.fcu','{\"Mail1\": {\"name\": \"第一封\", \"open\": 0, \"click\": 0}, \"Mail2\": {\"name\": \"第二封\", \"open\": 0, \"click\": 0}, \"Mail3\": {\"name\": \"第三封\", \"open\": 0, \"click\": 0}, \"Total\": {\"name\": \"總和\", \"open\": 0, \"click\": 0}}','IECS220012022P02'),(595,'A09','第18組','G18','IEA18G18530','std18@iecslab.fcu','{\"Mail1\": {\"name\": \"第一封\", \"open\": 0, \"click\": 0}, \"Mail2\": {\"name\": \"第二封\", \"open\": 0, \"click\": 0}, \"Mail3\": {\"name\": \"第三封\", \"open\": 0, \"click\": 0}, \"Total\": {\"name\": \"總和\", \"open\": 0, \"click\": 0}}','IECS220012022P01'),(596,'A09','第18組','G18','IEA18G18E00','std18@iecslab.fcu','{\"Mail1\": {\"name\": \"第一封\", \"open\": 0, \"click\": 0}, \"Mail2\": {\"name\": \"第二封\", \"open\": 0, \"click\": 0}, \"Mail3\": {\"name\": \"第三封\", \"open\": 0, \"click\": 0}, \"Total\": {\"name\": \"總和\", \"open\": 0, \"click\": 0}}','IECS220012022P02'),(597,'A10','第19組','G19','IEA19G19DFA','std19@iecslab.fcu','{\"Mail1\": {\"name\": \"第一封\", \"open\": 0, \"click\": 0}, \"Mail2\": {\"name\": \"第二封\", \"open\": 0, \"click\": 0}, \"Mail3\": {\"name\": \"第三封\", \"open\": 0, \"click\": 0}, \"Total\": {\"name\": \"總和\", \"open\": 0, \"click\": 0}}','IECS220012022P01'),(598,'A10','第19組','G19','IEA19G190FE','std19@iecslab.fcu','{\"Mail1\": {\"name\": \"第一封\", \"open\": 0, \"click\": 0}, \"Mail2\": {\"name\": \"第二封\", \"open\": 0, \"click\": 0}, \"Mail3\": {\"name\": \"第三封\", \"open\": 0, \"click\": 0}, \"Total\": {\"name\": \"總和\", \"open\": 0, \"click\": 0}}','IECS220012022P02'),(599,'A12','第20組','G20','IEA20G2027A','std20@iecslab.fcu','{\"Mail1\": {\"name\": \"第一封\", \"open\": 0, \"click\": 0}, \"Mail2\": {\"name\": \"第二封\", \"open\": 0, \"click\": 0}, \"Mail3\": {\"name\": \"第三封\", \"open\": 0, \"click\": 0}, \"Total\": {\"name\": \"總和\", \"open\": 0, \"click\": 0}}','IECS220012022P01'),(600,'A12','第20組','G20','IEA20G20ECF','std20@iecslab.fcu','{\"Mail1\": {\"name\": \"第一封\", \"open\": 0, \"click\": 0}, \"Mail2\": {\"name\": \"第二封\", \"open\": 0, \"click\": 0}, \"Mail3\": {\"name\": \"第三封\", \"open\": 0, \"click\": 0}, \"Total\": {\"name\": \"總和\", \"open\": 0, \"click\": 0}}','IECS220012022P02'),(641,'A11','第1組','G01','IEA01G014B9','std01@iecslab.fcu',NULL,'IECS22012022P01'),(642,'A01','第1組','G01','IEA01G01B78','std01@iecslab.fcu',NULL,'IECS22012022P02'),(643,'A13','第2組','G02','IEA02G021CA','std02@iecslab.fcu',NULL,'IECS22012022P01'),(644,'A02','第2組','G02','IEA02G02B64','std02@iecslab.fcu',NULL,'IECS22012022P02'),(645,'A14','第3組','G03','IEA03G0358D','std03@iecslab.fcu',NULL,'IECS22012022P01'),(646,'A03','第3組','G03','IEA03G030B5','std03@iecslab.fcu',NULL,'IECS22012022P02'),(647,'A15','第4組','G04','IEA04G04A85','std04@iecslab.fcu',NULL,'IECS22012022P01'),(648,'A04','第4組','G04','IEA04G049F8','std04@iecslab.fcu',NULL,'IECS22012022P02'),(649,'A16','第5組','G05','IEA05G056B3','std05@iecslab.fcu',NULL,'IECS22012022P01'),(650,'A05','第5組','G05','IEA05G058C4','std05@iecslab.fcu',NULL,'IECS22012022P02'),(651,'A17','第6組','G06','IEA06G064C7','std06@iecslab.fcu',NULL,'IECS22012022P01'),(652,'A06','第6組','G06','IEA06G06FAA','std06@iecslab.fcu',NULL,'IECS22012022P02'),(653,'A18','第7組','G07','IEA07G075E5','std07@iecslab.fcu',NULL,'IECS22012022P01'),(654,'A07','第7組','G07','IEA07G071DC','std07@iecslab.fcu',NULL,'IECS22012022P02'),(655,'A19','第8組','G08','IEA08G08551','std08@iecslab.fcu',NULL,'IECS22012022P01'),(656,'A08','第8組','G08','IEA08G080CB','std08@iecslab.fcu',NULL,'IECS22012022P02'),(657,'A20','第9組','G09','IEA09G096BF','std09@iecslab.fcu',NULL,'IECS22012022P01'),(658,'A09','第9組','G09','IEA09G0985F','std09@iecslab.fcu',NULL,'IECS22012022P02'),(659,'A01','第10組','G10','IEA10G10AF8','std10@iecslab.fcu',NULL,'IECS22012022P01'),(660,'A10','第10組','G10','IEA10G100A1','std10@iecslab.fcu',NULL,'IECS22012022P02'),(661,'A02','第11組','G11','IEA11G11783','std11@iecslab.fcu',NULL,'IECS22012022P01'),(662,'A11','第11組','G11','IEA11G11FF6','std11@iecslab.fcu',NULL,'IECS22012022P02'),(663,'A03','第12組','G12','IEA12G1240F','std12@iecslab.fcu',NULL,'IECS22012022P01'),(664,'A12','第12組','G12','IEA12G12947','std12@iecslab.fcu',NULL,'IECS22012022P02'),(665,'A04','第13組','G13','IEA13G133B9','std13@iecslab.fcu',NULL,'IECS22012022P01'),(666,'A13','第13組','G13','IEA13G13DEE','std13@iecslab.fcu',NULL,'IECS22012022P02'),(667,'A05','第14組','G14','IEA14G141B6','std14@iecslab.fcu',NULL,'IECS22012022P01'),(668,'A14','第14組','G14','IEA14G148F4','std14@iecslab.fcu',NULL,'IECS22012022P02'),(669,'A06','第15組','G15','IEA15G15EA1','std15@iecslab.fcu',NULL,'IECS22012022P01'),(670,'A15','第15組','G15','IEA15G15849','std15@iecslab.fcu',NULL,'IECS22012022P02'),(671,'A07','第16組','G16','IEA16G1681B','std16@iecslab.fcu',NULL,'IECS22012022P01'),(672,'A16','第16組','G16','IEA16G16DDE','std16@iecslab.fcu',NULL,'IECS22012022P02'),(673,'A08','第17組','G17','IEA17G17D71','std17@iecslab.fcu',NULL,'IECS22012022P01'),(674,'A17','第17組','G17','IEA17G178F8','std17@iecslab.fcu',NULL,'IECS22012022P02'),(675,'A09','第18組','G18','IEA18G18530','std18@iecslab.fcu',NULL,'IECS22012022P01'),(676,'A18','第18組','G18','IEA18G18E00','std18@iecslab.fcu',NULL,'IECS22012022P02'),(677,'A10','第19組','G19','IEA19G19DFA','std19@iecslab.fcu',NULL,'IECS22012022P01'),(678,'A19','第19組','G19','IEA19G190FE','std19@iecslab.fcu',NULL,'IECS22012022P02'),(679,'A12','第20組','G20','IEA20G2027A','std20@iecslab.fcu',NULL,'IECS22012022P01'),(680,'A20','第20組','G20','IEA20G20ECF','std20@iecslab.fcu',NULL,'IECS22012022P02'),(681,'A01','第1組','G01','IEA01G014B9','std01@iecslab.fcu',NULL,'IECS22022022P01'),(682,'A01','第1組','G01','IEA01G01B78','std01@iecslab.fcu',NULL,'IECS22022022P02'),(683,'A02','第2組','G02','IEA02G021CA','std02@iecslab.fcu',NULL,'IECS22022022P01'),(684,'A02','第2組','G02','IEA02G02B64','std02@iecslab.fcu',NULL,'IECS22022022P02'),(685,'A03','第3組','G03','IEA03G0358D','std03@iecslab.fcu',NULL,'IECS22022022P01'),(686,'A03','第3組','G03','IEA03G030B5','std03@iecslab.fcu',NULL,'IECS22022022P02'),(687,'A04','第4組','G04','IEA04G04A85','std04@iecslab.fcu',NULL,'IECS22022022P01'),(688,'A04','第4組','G04','IEA04G049F8','std04@iecslab.fcu',NULL,'IECS22022022P02'),(689,'A05','第5組','G05','IEA05G056B3','std05@iecslab.fcu',NULL,'IECS22022022P01'),(690,'A05','第5組','G05','IEA05G058C4','std05@iecslab.fcu',NULL,'IECS22022022P02'),(691,'A06','第6組','G06','IEA06G064C7','std06@iecslab.fcu',NULL,'IECS22022022P01'),(692,'A06','第6組','G06','IEA06G06FAA','std06@iecslab.fcu',NULL,'IECS22022022P02'),(693,'A07','第7組','G07','IEA07G075E5','std07@iecslab.fcu',NULL,'IECS22022022P01'),(694,'A07','第7組','G07','IEA07G071DC','std07@iecslab.fcu',NULL,'IECS22022022P02'),(695,'A08','第8組','G08','IEA08G08551','std08@iecslab.fcu',NULL,'IECS22022022P01'),(696,'A08','第8組','G08','IEA08G080CB','std08@iecslab.fcu',NULL,'IECS22022022P02'),(697,'A09','第9組','G09','IEA09G096BF','std09@iecslab.fcu',NULL,'IECS22022022P01'),(698,'A09','第9組','G09','IEA09G0985F','std09@iecslab.fcu',NULL,'IECS22022022P02'),(699,'A10','第10組','G10','IEA10G10AF8','std10@iecslab.fcu',NULL,'IECS22022022P01'),(700,'A10','第10組','G10','IEA10G100A1','std10@iecslab.fcu',NULL,'IECS22022022P02'),(701,'A11','第11組','G11','IEA11G11783','std11@iecslab.fcu',NULL,'IECS22022022P01'),(702,'A11','第11組','G11','IEA11G11FF6','std11@iecslab.fcu',NULL,'IECS22022022P02'),(703,'A12','第12組','G12','IEA12G1240F','std12@iecslab.fcu',NULL,'IECS22022022P01'),(704,'A12','第12組','G12','IEA12G12947','std12@iecslab.fcu',NULL,'IECS22022022P02'),(705,'A13','第13組','G13','IEA13G133B9','std13@iecslab.fcu',NULL,'IECS22022022P01'),(706,'A13','第13組','G13','IEA13G13DEE','std13@iecslab.fcu',NULL,'IECS22022022P02'),(707,'A14','第14組','G14','IEA14G141B6','std14@iecslab.fcu',NULL,'IECS22022022P01'),(708,'A14','第14組','G14','IEA14G148F4','std14@iecslab.fcu',NULL,'IECS22022022P02'),(709,'A15','第15組','G15','IEA15G15EA1','std15@iecslab.fcu',NULL,'IECS22022022P01'),(710,'A15','第15組','G15','IEA15G15849','std15@iecslab.fcu',NULL,'IECS22022022P02'),(711,'A16','第16組','G16','IEA16G1681B','std16@iecslab.fcu',NULL,'IECS22022022P01'),(712,'A16','第16組','G16','IEA16G16DDE','std16@iecslab.fcu',NULL,'IECS22022022P02'),(713,'A17','第17組','G17','IEA17G17D71','std17@iecslab.fcu',NULL,'IECS22022022P01'),(714,'A17','第17組','G17','IEA17G178F8','std17@iecslab.fcu',NULL,'IECS22022022P02'),(715,'A18','第18組','G18','IEA18G18530','std18@iecslab.fcu',NULL,'IECS22022022P01'),(716,'A18','第18組','G18','IEA18G18E00','std18@iecslab.fcu',NULL,'IECS22022022P02'),(717,'A19','第19組','G19','IEA19G19DFA','std19@iecslab.fcu',NULL,'IECS22022022P01'),(718,'A19','第19組','G19','IEA19G190FE','std19@iecslab.fcu',NULL,'IECS22022022P02'),(719,'A20','第20組','G20','IEA20G2027A','std20@iecslab.fcu',NULL,'IECS22022022P01'),(720,'A20','第20組','G20','IEA20G20ECF','std20@iecslab.fcu',NULL,'IECS22022022P02');
/*!40000 ALTER TABLE `se_server_testmemberlist` ENABLE KEYS */;
UNLOCK TABLES;

--
-- Table structure for table `se_server_testmemberlisttemp`
--

DROP TABLE IF EXISTS `se_server_testmemberlisttemp`;
/*!40101 SET @saved_cs_client     = @@character_set_client */;
/*!40101 SET character_set_client = utf8 */;
CREATE TABLE `se_server_testmemberlisttemp` (
  `id` bigint(20) NOT NULL AUTO_INCREMENT,
  `UnitName` varchar(255) DEFAULT NULL,
  `MemberNumber` varchar(10) NOT NULL,
  `UUID` varchar(20) DEFAULT NULL,
  `Email` varchar(254) NOT NULL,
  `ProjectCode_id` varchar(50) NOT NULL,
  PRIMARY KEY (`id`),
  KEY `SE_server_testmember_ProjectCode_id_61c17b9b_fk_SE_server` (`ProjectCode_id`),
  CONSTRAINT `SE_server_testmember_ProjectCode_id_61c17b9b_fk_SE_server` FOREIGN KEY (`ProjectCode_id`) REFERENCES `se_server_project` (`ProjectCode`)
) ENGINE=InnoDB DEFAULT CHARSET=utf8;
/*!40101 SET character_set_client = @saved_cs_client */;

--
-- Dumping data for table `se_server_testmemberlisttemp`
--

LOCK TABLES `se_server_testmemberlisttemp` WRITE;
/*!40000 ALTER TABLE `se_server_testmemberlisttemp` DISABLE KEYS */;
/*!40000 ALTER TABLE `se_server_testmemberlisttemp` ENABLE KEYS */;
UNLOCK TABLES;
/*!40103 SET TIME_ZONE=@OLD_TIME_ZONE */;

/*!40101 SET SQL_MODE=@OLD_SQL_MODE */;
/*!40014 SET FOREIGN_KEY_CHECKS=@OLD_FOREIGN_KEY_CHECKS */;
/*!40014 SET UNIQUE_CHECKS=@OLD_UNIQUE_CHECKS */;
/*!40101 SET CHARACTER_SET_CLIENT=@OLD_CHARACTER_SET_CLIENT */;
/*!40101 SET CHARACTER_SET_RESULTS=@OLD_CHARACTER_SET_RESULTS */;
/*!40101 SET COLLATION_CONNECTION=@OLD_COLLATION_CONNECTION */;
/*!40111 SET SQL_NOTES=@OLD_SQL_NOTES */;

-- Dump completed on 2022-12-25 23:16:17
